Customer_ID,Gender,Age,Married,State,Number_of_Referrals,Tenure_in_Months,Value_Deal,Phone_Service,Multiple_Lines,Internet_Service,Internet_Type,Online_Security,Online_Backup,Device_Protection_Plan,Premium_Support,Streaming_TV,Streaming_Movies,Streaming_Music,Unlimited_Data,Contract,Paperless_Billing,Payment_Method,Monthly_Charge,Total_Charges,Total_Refunds,Total_Extra_Data_Charges,Total_Long_Distance_Charges,Total_Revenue,Customer_Status,Churn_Category,Churn_Reason,Customer_Status_Predicted
11751-TAM,Female,18,No,Tamil Nadu,5,7,Deal 5,No,No,Yes,DSL,No,No,No,No,No,No,No,Yes,Month-to-Month,No,Mailed Check,24.2999992370605,38.4500007629394,0.0,0,0.0,38.4500007629394,Joined,Others,Others,1
12056-WES,Male,27,No,West Bengal,2,20,,Yes,No,Yes,Fiber Optic,No,Yes,Yes,No,No,Yes,Yes,Yes,Month-to-Month,No,Bank Withdrawal,90.4000015258789,268.450012207031,0.0,0,94.4400024414062,362.890014648437,Joined,Others,Others,1
12136-RAJ,Female,25,Yes,Rajasthan,2,35,,Yes,No,No,,No,No,No,No,No,No,No,No,Month-to-Month,No,Bank Withdrawal,19.8999996185302,19.8999996185302,0.0,0,11.829999923706,31.7299995422363,Joined,Others,Others,1
12257-ASS,Female,39,No,Assam,9,1,,Yes,No,No,,No,No,No,No,No,No,No,No,Month-to-Month,Yes,Credit Card,19.5499992370605,19.5499992370605,0.0,0,10.1999998092651,29.75,Joined,Others,Others,1
12340-DEL,Female,51,Yes,Delhi,0,10,,Yes,No,Yes,Cable,No,No,No,No,Yes,Yes,Yes,Yes,Month-to-Month,Yes,Credit Card,62.7999992370605,62.7999992370605,0.0,0,42.1899986267089,104.989997863769,Joined,Others,Others,1
12469-AND,Male,24,Yes,Andhra Pradesh,11,4,,Yes,No,Yes,DSL,No,No,No,No,Yes,No,No,Yes,Month-to-Month,Yes,Credit Card,55.2999992370605,55.2999992370605,0.0,0,36.6899986267089,91.9899978637695,Joined,Others,Others,1
12490-TEL,Female,52,No,Telangana,9,6,,Yes,No,Yes,Fiber Optic,No,No,Yes,No,No,No,No,Yes,Month-to-Month,Yes,Mailed Check,74.75,238.100006103515,38.8400001525878,0,37.5,236.759994506835,Joined,Others,Others,1
13058-MAD,Female,58,No,Madhya Pradesh,13,22,,Yes,No,Yes,DSL,No,No,No,No,No,No,No,Yes,Month-to-Month,Yes,Mailed Check,46.099998474121,130.149993896484,0.0,0,7.98000001907348,138.130004882812,Joined,Others,Others,1
13123-BIH,Female,46,No,Bihar,13,18,Deal 5,Yes,No,Yes,Fiber Optic,Yes,Yes,No,No,Yes,Yes,Yes,No,Month-to-Month,No,Bank Withdrawal,100.199996948242,198.5,0.0,10,45.1199989318847,253.619995117187,Joined,Others,Others,1
13666-UTT,Male,57,Yes,Uttarakhand,15,16,,Yes,No,Yes,Fiber Optic,No,Yes,No,No,Yes,Yes,Yes,Yes,Month-to-Month,No,Bank Withdrawal,95.4000015258789,293.149993896484,0.0,0,51.0299987792968,344.179992675781,Joined,Others,Others,1
13744-AND,Female,41,Yes,Andhra Pradesh,8,3,Deal 5,Yes,No,No,,No,No,No,No,No,No,No,No,Month-to-Month,Yes,Bank Withdrawal,19.6499996185302,19.6499996185302,0.0,0,13.8500003814697,33.5,Joined,Others,Others,1
13823-TEL,Female,31,Yes,Telangana,1,28,Deal 5,No,No,Yes,DSL,No,No,No,No,No,No,No,Yes,Month-to-Month,No,Bank Withdrawal,24.5,46.4000015258789,0.0,0,0.0,46.4000015258789,Joined,Others,Others,1
13946-HAR,Female,41,Yes,Haryana,1,3,Deal 5,Yes,No,No,,No,No,No,No,No,No,No,No,Month-to-Month,No,Credit Card,19.6499996185302,19.6499996185302,0.0,0,23.6700000762939,43.3199996948242,Joined,Others,Others,1
14567-TAM,Male,43,No,Tamil Nadu,1,9,,Yes,No,No,,No,No,No,No,No,No,No,No,Month-to-Month,No,Credit Card,20.3500003814697,20.3500003814697,0.0,0,44.0900001525878,64.4400024414062,Joined,Others,Others,1
15349-UTT,Male,47,Yes,Uttar Pradesh,9,12,Deal 5,Yes,Yes,Yes,DSL,No,No,No,No,No,No,No,Yes,Month-to-Month,Yes,Bank Withdrawal,50.1500015258789,50.1500015258789,0.0,0,39.8699989318847,90.0199966430664,Joined,Others,Others,1
15591-KAR,Female,26,No,Karnataka,3,31,,Yes,No,No,,No,No,No,No,No,No,No,No,Month-to-Month,No,Credit Card,20.3999996185302,20.3999996185302,0.0,0,45.9099998474121,66.3099975585937,Joined,Others,Others,1
15803-UTT,Female,34,No,Uttar Pradesh,6,31,,Yes,No,No,,No,No,No,No,No,No,No,No,Month-to-Month,No,Credit Card,19.1499996185302,19.1499996185302,0.0,0,22.3700008392334,41.5200004577636,Joined,Others,Others,1
16032-AND,Female,47,No,Andhra Pradesh,8,18,,Yes,No,Yes,DSL,No,No,No,No,No,No,No,Yes,Month-to-Month,Yes,Bank Withdrawal,46.599998474121,87.9000015258789,0.0,0,3.74000000953674,91.6399993896484,Joined,Others,Others,1
16068-BIH,Female,44,Yes,Bihar,4,25,Deal 5,No,No,Yes,DSL,No,No,No,No,No,No,No,No,Month-to-Month,No,Bank Withdrawal,25.25,25.25,0.0,10,0.0,35.25,Joined,Others,Others,1
16244-UTT,Female,19,Yes,Uttar Pradesh,5,7,,Yes,No,No,,No,No,No,No,No,No,No,No,Month-to-Month,No,Credit Card,19.5499992370605,19.5499992370605,0.0,0,5.09999990463256,24.6499996185302,Joined,Others,Others,1
16733-ODI,Female,76,Yes,Odisha,10,1,,Yes,No,Yes,DSL,No,No,No,No,No,No,No,Yes,Month-to-Month,Yes,Credit Card,45.849998474121,45.849998474121,0.0,0,40.3800010681152,86.2300033569336,Joined,Others,Others,1
16764-WES,Male,40,No,West Bengal,15,13,Deal 5,Yes,No,No,,No,No,No,No,No,No,No,No,Month-to-Month,No,Credit Card,20.7999992370605,20.7999992370605,0.0,0,48.1399993896484,68.9400024414062,Joined,Others,Others,1
16931-BIH,Female,39,Yes,Bihar,8,23,Deal 5,Yes,No,No,,No,No,No,No,No,No,No,No,Month-to-Month,Yes,Credit Card,19.2999992370605,19.2999992370605,0.0,0,8.65999984741211,27.9599990844726,Joined,Others,Others,1
17154-HAR,Male,32,No,Haryana,13,4,,Yes,No,No,,No,No,No,No,No,No,No,No,One Year,No,Mailed Check,18.7999992370605,18.7999992370605,0.0,0,43.5699996948242,62.3699989318847,Joined,Others,Others,1
17250-HAR,Female,23,Yes,Haryana,12,2,,Yes,No,Yes,DSL,No,Yes,No,No,No,No,No,Yes,Month-to-Month,No,Credit Card,49.25,97.0,0.0,0,81.5,178.5,Joined,Others,Others,1
17597-HAR,Female,33,Yes,Haryana,2,6,Deal 5,No,No,Yes,DSL,No,Yes,No,No,No,No,No,Yes,Month-to-Month,Yes,Bank Withdrawal,29.8500003814697,29.8500003814697,0.0,0,0.0,29.8500003814697,Joined,Others,Others,1
17796-BIH,Female,65,No,Bihar,5,1,,Yes,No,Yes,Cable,Yes,No,No,No,No,No,No,Yes,Month-to-Month,Yes,Bank Withdrawal,48.4500007629394,48.4500007629394,0.0,0,16.4200000762939,64.870002746582,Joined,Others,Others,1
18015-ODI,Female,28,Yes,Odisha,15,9,,Yes,No,Yes,DSL,No,No,No,Yes,No,No,No,Yes,Month-to-Month,Yes,Bank Withdrawal,49.9000015258789,49.9000015258789,0.0,0,14.9300003051757,64.8300018310546,Joined,Others,Others,1
18027-UTT,Female,58,Yes,Uttar Pradesh,15,30,Deal 5,Yes,No,No,,No,No,No,No,No,No,No,No,Month-to-Month,Yes,Credit Card,19.8999996185302,33.7000007629394,0.0,0,7.63999986648559,41.3400001525878,Joined,Others,Others,1
18415-KAR,Female,33,Yes,Karnataka,7,36,,Yes,No,No,,No,No,No,No,No,No,No,No,Month-to-Month,No,Mailed Check,19.1000003814697,19.1000003814697,0.0,0,5.01999998092651,24.1200008392334,Joined,Others,Others,1
18829-TAM,Female,49,Yes,Tamil Nadu,4,31,Deal 5,Yes,No,No,,No,No,No,No,No,No,No,No,Month-to-Month,No,Credit Card,18.7999992370605,56.0,0.0,0,19.829999923706,75.8300018310546,Joined,Others,Others,1
19041-AND,Female,36,No,Andhra Pradesh,6,21,Deal 5,No,No,Yes,Cable,Yes,No,No,Yes,No,No,No,Yes,Month-to-Month,No,Credit Card,35.099998474121,101.099998474121,0.0,0,0.0,101.099998474121,Joined,Others,Others,1
19539-PUN,Female,37,Yes,Punjab,14,8,Deal 5,Yes,No,Yes,DSL,No,No,No,No,No,No,No,Yes,Month-to-Month,Yes,Credit Card,45.4000015258789,45.4000015258789,0.0,0,49.3300018310546,94.7300033569336,Joined,Others,Others,1
19541-ODI,Female,37,Yes,Odisha,15,14,Deal 5,Yes,No,Yes,Cable,No,No,No,No,No,No,No,Yes,Month-to-Month,Yes,Credit Card,45.25,74.1999969482421,0.0,0,79.0,153.199996948242,Joined,Others,Others,1
19747-WES,Female,47,No,West Bengal,15,19,Deal 5,Yes,No,Yes,DSL,Yes,No,No,Yes,No,Yes,Yes,No,Month-to-Month,Yes,Bank Withdrawal,64.5,177.399993896484,0.0,60,118.650001525878,356.049987792968,Joined,Others,Others,1
19811-MAH,Female,35,Yes,Maharashtra,10,7,Deal 5,Yes,No,Yes,Fiber Optic,Yes,Yes,No,No,Yes,No,No,Yes,Month-to-Month,No,Bank Withdrawal,89.8499984741211,248.399993896484,0.0,0,99.9000015258789,348.299987792968,Joined,Others,Others,1
19837-TAM,Female,57,Yes,Tamil Nadu,4,6,,No,No,Yes,Cable,No,Yes,No,No,Yes,Yes,Yes,Yes,Month-to-Month,No,Bank Withdrawal,51.4000015258789,96.8000030517578,0.0,0,0.0,96.8000030517578,Joined,Others,Others,1
19898-HAR,Male,31,Yes,Haryana,3,30,Deal 5,Yes,No,No,,No,No,No,No,No,No,No,No,Month-to-Month,No,Credit Card,19.4500007629394,19.4500007629394,0.0,0,29.1499996185302,48.599998474121,Joined,Others,Others,1
19998-AND,Female,18,No,Andhra Pradesh,0,2,Deal 5,Yes,No,Yes,Fiber Optic,No,No,Yes,No,No,Yes,Yes,Yes,Month-to-Month,No,Credit Card,85.6999969482421,256.75,0.0,0,89.5199966430664,346.269989013671,Joined,Others,Others,1
21065-HAR,Male,27,No,Haryana,5,10,,Yes,No,No,,No,No,No,No,No,No,No,No,Month-to-Month,No,Credit Card,20.2999992370605,20.2999992370605,0.0,0,10.8400001525878,31.1399993896484,Joined,Others,Others,1
21165-DEL,Female,38,No,Delhi,2,32,Deal 5,Yes,No,No,,No,No,No,No,No,No,No,No,Month-to-Month,No,Credit Card,19.9500007629394,38.1500015258789,0.0,0,69.1399993896484,107.290000915527,Joined,Others,Others,1
21247-ASS,Male,58,Yes,Assam,2,2,,Yes,No,No,,No,No,No,No,No,No,No,No,Month-to-Month,Yes,Credit Card,19.5,19.5,0.0,0,8.02000045776367,27.5200004577636,Joined,Others,Others,1
21288-MAH,Female,63,No,Maharashtra,12,34,,Yes,Yes,Yes,DSL,No,No,No,No,Yes,No,No,No,Month-to-Month,Yes,Bank Withdrawal,60.25,170.5,0.0,70,60.2999992370605,300.799987792968,Joined,Others,Others,1
21642-TEL,Male,60,Yes,Telangana,12,29,,Yes,No,Yes,DSL,Yes,No,No,Yes,No,No,No,Yes,Month-to-Month,No,Bank Withdrawal,54.5,54.5,0.0,0,33.2099990844726,87.7099990844726,Joined,Others,Others,1
21956-JHA,Female,59,Yes,Jharkhand,10,8,,Yes,No,Yes,Fiber Optic,Yes,No,No,Yes,No,No,No,No,Month-to-Month,Yes,Credit Card,82.3000030517578,214.399993896484,0.0,20,134.910003662109,369.309997558593,Joined,Others,Others,1
22119-WES,Male,31,Yes,West Bengal,5,5,,Yes,No,No,,No,No,No,No,No,No,No,No,Month-to-Month,No,Credit Card,20.0499992370605,33.7000007629394,0.0,0,3.61999988555908,37.3199996948242,Joined,Others,Others,1
22137-KAR,Female,51,No,Karnataka,4,28,,Yes,No,No,,No,No,No,No,No,No,No,No,One Year,No,Credit Card,19.8500003814697,19.8500003814697,0.0,0,47.4599990844726,67.3099975585937,Joined,Others,Others,1
22765-MAH,Female,40,Yes,Maharashtra,6,16,Deal 5,Yes,No,No,,No,No,No,No,No,No,No,No,Month-to-Month,No,Bank Withdrawal,19.4500007629394,19.4500007629394,0.0,0,16.4400005340576,35.8899993896484,Joined,Others,Others,1
22782-ODI,Female,50,Yes,Odisha,2,28,,Yes,No,No,,No,No,No,No,No,No,No,No,Month-to-Month,No,Credit Card,19.2999992370605,54.7000007629394,0.0,0,30.3899993896484,85.0899963378906,Joined,Others,Others,1
23078-UTT,Female,57,Yes,Uttar Pradesh,3,24,,Yes,No,No,,No,No,No,No,No,No,No,No,Month-to-Month,Yes,Bank Withdrawal,20.2999992370605,20.2999992370605,0.0,0,6.63999986648559,26.9400005340576,Joined,Others,Others,1
23148-CHH,Female,74,Yes,Chhattisgarh,4,9,Deal 5,Yes,No,Yes,DSL,No,No,No,No,No,No,No,Yes,Two Year,No,Bank Withdrawal,44.0,44.0,0.0,0,28.6700000762939,72.6699981689453,Joined,Others,Others,1
23256-HAR,Female,32,Yes,Haryana,10,31,Deal 5,Yes,No,No,,No,No,No,No,No,No,No,No,Month-to-Month,No,Bank Withdrawal,19.8500003814697,52.0,0.0,0,72.0999984741211,124.099998474121,Joined,Others,Others,1
23605-MAH,Female,31,Yes,Maharashtra,1,19,,Yes,No,No,,No,No,No,No,No,No,No,No,Month-to-Month,No,Credit Card,20.75,20.75,0.0,0,7.57000017166137,28.3199996948242,Joined,Others,Others,1
23632-HAR,Female,37,Yes,Haryana,2,16,Deal 5,Yes,No,Yes,Fiber Optic,Yes,No,No,No,Yes,Yes,Yes,Yes,Month-to-Month,No,Bank Withdrawal,97.0999984741211,184.149993896484,0.0,0,78.6999969482421,262.850006103515,Joined,Others,Others,1
23683-TEL,Male,26,No,Telangana,10,16,,Yes,No,No,,No,No,No,No,No,No,No,No,Month-to-Month,Yes,Credit Card,20.25,20.25,0.0,0,42.9599990844726,63.2099990844726,Joined,Others,Others,1
23729-UTT,Female,58,No,Uttar Pradesh,14,19,Deal 5,Yes,No,No,,No,No,No,No,No,No,No,No,Month-to-Month,Yes,Credit Card,19.6499996185302,38.7999992370605,0.0,0,19.2199993133544,58.0200004577636,Joined,Others,Others,1
23855-MAH,Female,53,Yes,Maharashtra,13,9,,Yes,No,Yes,DSL,No,No,No,No,No,No,No,Yes,Month-to-Month,No,Bank Withdrawal,44.9000015258789,111.050003051757,0.0,0,10.1599998474121,121.209999084472,Joined,Others,Others,1
24696-BIH,Female,69,Yes,Bihar,0,20,Deal 5,Yes,No,Yes,DSL,No,No,No,No,No,No,No,Yes,Month-to-Month,No,Bank Withdrawal,43.9500007629394,85.0999984741211,0.0,0,38.1800003051757,123.279998779296,Joined,Others,Others,1
24754-AND,Female,63,Yes,Andhra Pradesh,0,28,,Yes,No,Yes,Fiber Optic,No,No,No,No,No,No,No,Yes,Month-to-Month,Yes,Bank Withdrawal,69.5500030517578,200.199996948242,33.7999992370605,0,5.01000022888183,171.410003662109,Joined,Others,Others,1
24990-WES,Female,36,No,West Bengal,8,24,,Yes,No,Yes,Fiber Optic,No,No,No,No,No,No,No,Yes,Month-to-Month,Yes,Bank Withdrawal,71.6500015258789,135.75,0.0,0,58.060001373291,193.809997558593,Joined,Others,Others,1
25048-TEL,Male,47,No,Telangana,15,9,Deal 5,Yes,Yes,No,,No,No,No,No,No,No,No,No,Month-to-Month,No,Credit Card,24.0,24.0,0.0,0,32.9500007629394,56.9500007629394,Joined,Others,Others,1
25517-RAJ,Female,40,No,Rajasthan,4,10,,Yes,Yes,Yes,Fiber Optic,No,No,Yes,No,Yes,No,No,No,Month-to-Month,Yes,Bank Withdrawal,91.4499969482421,171.449996948242,0.0,10,98.8199996948242,280.269989013671,Joined,Others,Others,1
25763-JHA,Female,47,Yes,Jharkhand,9,3,Deal 5,Yes,No,Yes,Cable,No,No,No,No,No,No,No,Yes,Month-to-Month,No,Bank Withdrawal,44.1500015258789,44.1500015258789,0.0,0,9.81999969482421,53.9700012207031,Joined,Others,Others,1
26412-ASS,Female,30,No,Assam,7,18,,Yes,No,No,,No,No,No,No,No,No,No,No,Month-to-Month,Yes,Bank Withdrawal,20.7000007629394,39.849998474121,0.0,0,27.7800006866455,67.6299972534179,Joined,Others,Others,1
26448-BIH,Female,57,No,Bihar,10,21,Deal 5,Yes,No,Yes,DSL,No,Yes,No,Yes,Yes,Yes,Yes,Yes,Month-to-Month,Yes,Bank Withdrawal,75.3000030517578,244.100006103515,0.0,0,116.970001220703,361.070007324218,Joined,Others,Others,1
26500-GUJ,Female,62,Yes,Gujarat,3,19,Deal 5,Yes,No,Yes,Cable,Yes,No,No,No,No,Yes,Yes,Yes,Month-to-Month,Yes,Mailed Check,62.1500015258789,113.099998474121,0.0,0,96.7799987792968,209.880004882812,Joined,Others,Others,1
26567-UTT,Female,67,Yes,Uttar Pradesh,1,35,,Yes,No,No,,No,No,No,No,No,No,No,No,Two Year,No,Credit Card,20.3500003814697,20.3500003814697,0.0,0,30.0900001525878,50.4399986267089,Joined,Others,Others,1
26902-TEL,Male,52,Yes,Telangana,7,2,,Yes,No,Yes,Fiber Optic,No,No,No,Yes,Yes,Yes,Yes,Yes,Month-to-Month,Yes,Bank Withdrawal,95.8499984741211,95.8499984741211,0.0,0,2.70000004768371,98.5500030517578,Joined,Others,Others,1
27461-MAD,Male,22,Yes,Madhya Pradesh,7,6,Deal 5,Yes,No,Yes,Cable,No,No,No,No,No,No,No,Yes,Month-to-Month,Yes,Credit Card,44.5499992370605,44.5499992370605,0.0,0,23.0400009155273,67.5899963378906,Joined,Others,Others,1
27465-JAM,Female,50,No,Jammu & Kashmir,10,30,,Yes,No,No,,No,No,No,No,No,No,No,No,Month-to-Month,No,Credit Card,19.8500003814697,19.8500003814697,0.0,0,16.4699993133544,36.3199996948242,Joined,Others,Others,1
27553-UTT,Female,53,Yes,Uttar Pradesh,0,18,,Yes,No,No,,No,No,No,No,No,No,No,No,Month-to-Month,No,Credit Card,20.2999992370605,20.2999992370605,0.0,0,4.09000015258789,24.3899993896484,Joined,Others,Others,1
27561-UTT,Female,19,No,Uttar Pradesh,6,10,Deal 5,Yes,No,No,,No,No,No,No,No,No,No,No,Month-to-Month,Yes,Credit Card,20.25,20.25,0.0,0,47.25,67.5,Joined,Others,Others,1
27856-UTT,Female,33,Yes,Uttar Pradesh,1,32,Deal 5,Yes,No,No,,No,No,No,No,No,No,No,No,Month-to-Month,Yes,Bank Withdrawal,19.25,19.25,0.0,0,9.4399995803833,28.6900005340576,Joined,Others,Others,1
28237-JHA,Female,52,No,Jharkhand,7,9,Deal 5,Yes,No,Yes,Fiber Optic,No,No,No,No,No,No,No,Yes,Month-to-Month,Yes,Bank Withdrawal,69.8499984741211,199.850006103515,0.0,0,104.279998779296,304.130004882812,Joined,Others,Others,1
28239-UTT,Female,55,Yes,Uttar Pradesh,0,5,,Yes,No,No,,No,No,No,No,No,No,No,No,Month-to-Month,No,Credit Card,19.9500007629394,19.9500007629394,0.0,0,38.8400001525878,58.7900009155273,Joined,Others,Others,1
28266-JAM,Male,32,No,Jammu & Kashmir,6,1,,No,No,Yes,DSL,No,No,No,No,No,No,No,Yes,Month-to-Month,No,Credit Card,25.3500003814697,25.3500003814697,0.0,0,0.0,25.3500003814697,Joined,Others,Others,1
28281-KAR,Male,56,Yes,Karnataka,8,32,Deal 5,Yes,No,Yes,Fiber Optic,No,No,No,No,No,Yes,Yes,Yes,Month-to-Month,Yes,Bank Withdrawal,80.3499984741211,253.800003051757,0.0,0,148.889999389648,402.690002441406,Joined,Others,Others,1
28378-MAD,Female,65,No,Madhya Pradesh,12,1,Deal 5,Yes,No,No,,No,No,No,No,No,No,No,No,Month-to-Month,No,Bank Withdrawal,19.4500007629394,19.4500007629394,0.0,0,46.5900001525878,66.0400009155273,Joined,Others,Others,1
28398-TEL,Male,59,Yes,Telangana,3,23,Deal 5,Yes,No,No,,No,No,No,No,No,No,No,No,Month-to-Month,No,Credit Card,20.0,20.0,0.0,0,25.9899997711181,45.9900016784668,Joined,Others,Others,1
28681-HAR,Female,33,No,Haryana,4,2,,Yes,No,Yes,Fiber Optic,No,No,Yes,No,No,No,No,Yes,Month-to-Month,No,Bank Withdrawal,75.5500030517578,75.5500030517578,0.0,0,7.1100001335144,82.6600036621093,Joined,Others,Others,1
28782-PUN,Male,58,Yes,Punjab,8,7,Deal 5,Yes,No,Yes,DSL,No,No,No,No,No,No,No,Yes,Month-to-Month,Yes,Mailed Check,44.9500007629394,44.9500007629394,0.0,0,13.6300001144409,58.5800018310546,Joined,Others,Others,1
28873-TAM,Male,55,No,Tamil Nadu,7,4,,Yes,No,Yes,Fiber Optic,No,Yes,No,No,No,No,No,Yes,Month-to-Month,No,Bank Withdrawal,74.9499969482421,151.75,0.0,0,7.51999998092651,159.27000427246,Joined,Others,Others,1
29093-ASS,Male,57,Yes,Assam,6,6,,Yes,No,No,,No,No,No,No,No,No,No,No,Month-to-Month,Yes,Mailed Check,20.4500007629394,20.4500007629394,0.0,0,11.6099996566772,32.060001373291,Joined,Others,Others,1
29371-WES,Female,23,No,West Bengal,14,9,Deal 5,Yes,No,Yes,DSL,No,No,No,No,No,Yes,Yes,Yes,Month-to-Month,Yes,Bank Withdrawal,55.2999992370605,108.650001525878,0.0,0,87.8600006103515,196.509994506835,Joined,Others,Others,1
29525-TAM,Female,50,Yes,Tamil Nadu,9,3,Deal 5,No,No,Yes,DSL,No,No,No,No,No,No,No,Yes,Month-to-Month,No,Credit Card,25.0,78.25,0.0,0,0.0,78.25,Joined,Others,Others,1
29626-WES,Male,67,No,West Bengal,10,22,Deal 5,Yes,No,Yes,DSL,Yes,No,No,No,No,No,No,No,Month-to-Month,No,Bank Withdrawal,50.1500015258789,50.1500015258789,0.0,50,38.3300018310546,138.479995727539,Joined,Others,Others,1
31129-AND,Male,68,No,Andhra Pradesh,15,15,,Yes,No,Yes,Fiber Optic,No,No,No,No,No,No,No,No,Month-to-Month,Yes,Bank Withdrawal,70.3499984741211,70.3499984741211,0.0,10,14.4200000762939,94.7699966430664,Joined,Others,Others,1
31294-KAR,Male,50,Yes,Karnataka,15,33,Deal 5,Yes,No,Yes,DSL,Yes,No,No,No,No,No,No,Yes,Month-to-Month,No,Bank Withdrawal,49.75,49.75,0.0,0,41.7900009155273,91.5400009155273,Joined,Others,Others,1
31412-HAR,Female,81,Yes,Haryana,14,29,,Yes,No,No,,No,No,No,No,No,No,No,No,Two Year,No,Bank Withdrawal,19.2000007629394,37.2000007629394,0.0,0,14.0600004196167,51.2599983215332,Joined,Others,Others,1
31476-TEL,Male,42,Yes,Telangana,5,33,Deal 5,Yes,No,No,,No,No,No,No,No,No,No,No,Month-to-Month,No,Credit Card,19.9500007629394,19.9500007629394,0.0,0,27.079999923706,47.0299987792968,Joined,Others,Others,1
31601-DEL,Female,31,Yes,Delhi,2,10,,Yes,No,No,,No,No,No,No,No,No,No,No,Month-to-Month,No,Credit Card,19.6499996185302,19.6499996185302,0.0,0,42.4199981689453,62.0699996948242,Joined,Others,Others,1
31918-KAR,Female,37,No,Karnataka,15,34,,No,No,Yes,Cable,Yes,No,Yes,Yes,No,No,No,Yes,Month-to-Month,No,Credit Card,41.349998474121,107.25,0.0,0,0.0,107.25,Joined,Others,Others,1
32063-UTT,Female,63,Yes,Uttar Pradesh,6,31,Deal 5,Yes,No,No,,No,No,No,No,No,No,No,No,Month-to-Month,Yes,Credit Card,19.0,19.0,0.0,0,28.2800006866455,47.2799987792968,Joined,Others,Others,1
32375-UTT,Female,23,Yes,Uttar Pradesh,1,3,,Yes,No,No,,No,No,No,No,No,No,No,No,Month-to-Month,No,Mailed Check,20.8999996185302,20.8999996185302,0.0,0,10.2100000381469,31.1100006103515,Joined,Others,Others,1
32563-KAR,Female,34,Yes,Karnataka,3,22,,Yes,No,Yes,Fiber Optic,No,No,No,No,No,No,No,No,Month-to-Month,Yes,Bank Withdrawal,69.8000030517578,146.649993896484,0.0,10,22.3799991607666,179.029998779296,Joined,Others,Others,1
32586-UTT,Female,25,No,Uttar Pradesh,15,10,,Yes,Yes,No,,No,No,No,No,No,No,No,No,Month-to-Month,Yes,Credit Card,-8.0,25.75,0.0,0,15.2200002670288,40.9700012207031,Joined,Others,Others,1
32587-UTT,Female,30,No,Uttar Pradesh,1,27,,Yes,No,Yes,Cable,No,No,No,No,No,No,No,Yes,Month-to-Month,No,Credit Card,45.4500007629394,141.699996948242,0.0,0,61.1100006103515,202.809997558593,Joined,Others,Others,1
32966-HAR,Female,23,No,Haryana,3,7,,Yes,No,No,,No,No,No,No,No,No,No,No,Month-to-Month,No,Bank Withdrawal,19.2000007629394,19.2000007629394,0.0,0,26.3700008392334,45.5699996948242,Joined,Others,Others,1
33621-MAD,Female,42,No,Madhya Pradesh,13,12,Deal 5,Yes,No,Yes,Fiber Optic,No,No,No,No,No,No,No,No,Month-to-Month,Yes,Bank Withdrawal,70.3499984741211,120.25,0.0,20,15.3999996185302,155.649993896484,Joined,Others,Others,1
33773-UTT,Male,58,Yes,Uttar Pradesh,3,6,Deal 5,Yes,No,No,,No,No,No,No,No,No,No,No,Month-to-Month,No,Credit Card,20.6000003814697,20.6000003814697,0.0,0,1.48000001907348,22.079999923706,Joined,Others,Others,1
33776-BIH,Male,32,Yes,Bihar,6,10,,Yes,No,No,,No,No,No,No,No,No,No,No,Month-to-Month,No,Credit Card,19.2000007629394,19.2000007629394,0.0,0,35.8800010681152,55.0800018310546,Joined,Others,Others,1
34024-AND,Female,45,Yes,Andhra Pradesh,4,21,,Yes,No,No,,No,No,No,No,No,No,No,No,Month-to-Month,No,Credit Card,20.0499992370605,20.0499992370605,0.0,0,7.6599998474121,27.7099990844726,Joined,Others,Others,1
34101-TAM,Female,41,No,Tamil Nadu,5,35,,Yes,No,No,,No,No,No,No,No,No,No,No,Month-to-Month,No,Bank Withdrawal,20.2000007629394,50.599998474121,0.0,0,55.2900009155273,105.889999389648,Joined,Others,Others,1
34110-MAH,Female,20,Yes,Maharashtra,6,3,,Yes,Yes,Yes,Cable,No,No,No,No,No,No,No,Yes,Month-to-Month,Yes,Bank Withdrawal,50.099998474121,50.099998474121,0.0,0,29.1299991607666,79.2300033569336,Joined,Others,Others,1
34169-RAJ,Male,51,Yes,Rajasthan,14,30,Deal 5,Yes,Yes,No,,No,No,No,No,No,No,No,No,Month-to-Month,No,Credit Card,24.8500003814697,62.0,0.0,0,80.5,142.5,Joined,Others,Others,1
34319-UTT,Male,40,Yes,Uttar Pradesh,12,25,Deal 5,Yes,No,Yes,DSL,No,Yes,No,No,No,No,No,Yes,Month-to-Month,Yes,Credit Card,50.1500015258789,50.1500015258789,0.0,0,20.2999992370605,70.4499969482421,Joined,Others,Others,1
34713-KER,Male,58,Yes,Kerala,1,29,Deal 5,Yes,Yes,Yes,Fiber Optic,Yes,No,No,No,No,Yes,Yes,Yes,Month-to-Month,No,Credit Card,90.75,174.75,0.0,0,54.3400001525878,229.08999633789,Joined,Others,Others,1
35075-PUN,Male,64,Yes,Punjab,5,9,,Yes,No,Yes,Cable,No,No,Yes,Yes,No,No,No,Yes,Month-to-Month,No,Credit Card,55.0499992370605,55.0499992370605,0.0,0,14.6499996185302,69.6999969482421,Joined,Others,Others,1
35635-TEL,Female,26,Yes,Telangana,10,5,,Yes,No,No,,No,No,No,No,No,No,No,No,Month-to-Month,No,Mailed Check,20.3999996185302,20.3999996185302,0.0,0,17.8099994659423,38.2099990844726,Joined,Others,Others,1
35658-JHA,Male,35,No,Jharkhand,2,16,,Yes,No,No,,No,No,No,No,No,No,No,No,Month-to-Month,No,Mailed Check,20.4500007629394,20.4500007629394,0.0,0,39.6100006103515,60.060001373291,Joined,Others,Others,1
36017-TAM,Female,52,Yes,Tamil Nadu,15,23,,Yes,No,No,,No,No,No,No,No,No,No,No,Month-to-Month,No,Credit Card,19.5499992370605,19.5499992370605,0.0,0,40.6300010681152,60.1800003051757,Joined,Others,Others,1
36284-ODI,Male,43,Yes,Odisha,4,13,,Yes,No,Yes,DSL,No,No,No,No,No,No,No,Yes,Month-to-Month,No,Bank Withdrawal,44.5499992370605,44.5499992370605,0.0,0,41.099998474121,85.6500015258789,Joined,Others,Others,1
36323-UTT,Female,48,No,Uttar Pradesh,14,11,,Yes,No,No,,No,No,No,No,No,No,No,No,One Year,No,Bank Withdrawal,20.5,38.25,0.0,0,62.0200004577636,100.269996643066,Joined,Others,Others,1
36339-UTT,Female,54,No,Uttar Pradesh,14,7,Deal 5,Yes,No,No,,No,No,No,No,No,No,No,No,Month-to-Month,Yes,Credit Card,19.8999996185302,45.75,0.0,0,124.080001831054,169.830001831054,Joined,Others,Others,1
36483-KAR,Male,42,No,Karnataka,2,14,,Yes,No,No,,No,No,No,No,No,No,No,No,Month-to-Month,No,Credit Card,19.75,19.75,0.0,0,15.7700004577636,35.5200004577636,Joined,Others,Others,1
36628-GUJ,Female,44,Yes,Gujarat,7,1,Deal 5,Yes,No,Yes,Fiber Optic,Yes,No,No,Yes,No,No,No,Yes,Month-to-Month,Yes,Bank Withdrawal,80.1500015258789,194.550003051757,0.0,0,53.1599998474121,247.710006713867,Joined,Others,Others,1
37131-MAH,Male,52,No,Maharashtra,6,2,,Yes,No,Yes,Fiber Optic,No,No,No,No,Yes,Yes,Yes,Yes,Month-to-Month,Yes,Bank Withdrawal,89.25,89.25,0.0,0,16.6399993896484,105.889999389648,Joined,Others,Others,1
38452-MAH,Female,34,No,Maharashtra,6,14,Deal 5,Yes,No,Yes,DSL,Yes,No,No,No,No,No,No,Yes,Month-to-Month,No,Bank Withdrawal,47.9500007629394,47.9500007629394,0.0,0,46.2299995422363,94.1800003051757,Joined,Others,Others,1
38577-BIH,Female,30,Yes,Bihar,6,36,,Yes,No,Yes,DSL,No,No,No,No,No,No,No,Yes,Month-to-Month,Yes,Bank Withdrawal,44.5,90.0500030517578,0.0,0,61.7400016784668,151.789993286132,Joined,Others,Others,1
38663-UTT,Male,42,No,Uttar Pradesh,7,15,Deal 5,Yes,No,No,,No,No,No,No,No,No,No,No,Month-to-Month,No,Credit Card,20.2999992370605,40.25,0.0,0,14.539999961853,54.7900009155273,Joined,Others,Others,1
38748-AND,Female,22,Yes,Andhra Pradesh,13,6,,Yes,No,No,,No,No,No,No,No,No,No,No,Month-to-Month,No,Bank Withdrawal,19.6499996185302,19.6499996185302,0.0,0,27.8799991607666,47.5299987792968,Joined,Others,Others,1
38920-PUN,Female,50,No,Punjab,8,7,,Yes,No,Yes,Cable,No,No,No,No,No,No,No,No,Month-to-Month,Yes,Bank Withdrawal,43.849998474121,43.849998474121,0.0,10,15.8999996185302,69.75,Joined,Others,Others,1
39128-PUN,Male,36,No,Punjab,15,22,Deal 5,Yes,No,Yes,DSL,No,No,No,No,No,No,No,No,Month-to-Month,Yes,Bank Withdrawal,44.75,44.75,0.0,10,18.5699996948242,73.3199996948242,Joined,Others,Others,1
39332-TEL,Female,44,Yes,Telangana,6,8,,Yes,No,Yes,Fiber Optic,No,No,No,No,Yes,No,No,No,Month-to-Month,Yes,Bank Withdrawal,80.5500030517578,80.5500030517578,0.0,60,5.92999982833862,146.479995727539,Joined,Others,Others,1
39540-BIH,Female,34,No,Bihar,12,13,,Yes,No,Yes,Cable,No,No,No,Yes,No,No,No,Yes,Month-to-Month,No,Credit Card,49.0499992370605,49.0499992370605,0.0,0,25.7700004577636,74.8199996948242,Joined,Others,Others,1
39623-HAR,Female,85,No,Haryana,2,10,Deal 5,Yes,No,Yes,Fiber Optic,No,Yes,No,No,No,No,No,No,Month-to-Month,Yes,Bank Withdrawal,74.5999984741211,239.050003051757,0.0,30,118.529998779296,387.579986572265,Joined,Others,Others,1
39764-UTT,Female,39,Yes,Uttar Pradesh,5,14,,Yes,No,No,,No,No,No,No,No,No,No,No,Month-to-Month,No,Credit Card,19.3500003814697,46.349998474121,0.0,0,88.6800003051757,135.029998779296,Joined,Others,Others,1
39866-MAH,Female,24,No,Maharashtra,1,12,Deal 5,Yes,No,Yes,DSL,No,No,No,No,No,No,No,No,Month-to-Month,No,Bank Withdrawal,45.5499992370605,84.4000015258789,0.0,10,83.8000030517578,178.199996948242,Joined,Others,Others,1
41196-MAH,Female,29,Yes,Maharashtra,11,10,Deal 5,Yes,No,Yes,DSL,No,No,No,No,No,No,No,No,Month-to-Month,Yes,Bank Withdrawal,45.0,45.0,0.0,10,40.6300010681152,95.6299972534179,Joined,Others,Others,1
41235-WES,Female,37,No,West Bengal,8,10,Deal 5,Yes,No,Yes,DSL,No,No,No,No,No,No,No,Yes,Month-to-Month,Yes,Bank Withdrawal,44.7999992370605,44.7999992370605,0.0,0,27.4599990844726,72.2600021362304,Joined,Others,Others,1
41427-HAR,Male,37,No,Haryana,13,13,Deal 5,Yes,No,No,,No,No,No,No,No,No,No,No,Month-to-Month,No,Bank Withdrawal,20.2000007629394,20.2000007629394,0.0,0,24.4799995422363,44.6800003051757,Joined,Others,Others,1
41500-KAR,Male,31,No,Karnataka,1,31,Deal 5,Yes,No,No,,No,No,No,No,No,No,No,No,Month-to-Month,No,Credit Card,19.8500003814697,51.599998474121,0.0,0,54.9399986267089,106.540000915527,Joined,Others,Others,1
41795-UTT,Female,58,No,Uttar Pradesh,5,10,,Yes,No,No,,No,No,No,No,No,No,No,No,Month-to-Month,No,Credit Card,19.75,19.75,0.0,0,41.2799987792968,61.0299987792968,Joined,Others,Others,1
42089-MAH,Female,32,No,Maharashtra,2,34,Deal 5,Yes,No,No,,No,No,No,No,No,No,No,No,Month-to-Month,No,Credit Card,20.7000007629394,57.5,0.0,0,115.230003356933,172.729995727539,Joined,Others,Others,1
42358-BIH,Female,53,No,Bihar,9,35,,Yes,No,Yes,DSL,No,No,No,No,Yes,No,No,Yes,Month-to-Month,Yes,Bank Withdrawal,54.2000007629394,140.399993896484,0.0,0,124.139999389648,264.540008544921,Joined,Others,Others,1
42574-ASS,Female,25,No,Assam,5,3,,Yes,No,No,,No,No,No,No,No,No,No,No,Month-to-Month,No,Credit Card,19.5499992370605,19.5499992370605,0.0,0,8.22999954223632,27.7800006866455,Joined,Others,Others,1
42768-TAM,Female,45,No,Tamil Nadu,13,14,,Yes,No,No,,No,No,No,No,No,No,No,No,Month-to-Month,No,Credit Card,19.3999996185302,19.3999996185302,0.0,0,2.84999990463256,22.25,Joined,Others,Others,1
42864-ODI,Female,29,No,Odisha,2,10,Deal 5,No,No,Yes,DSL,No,Yes,No,No,No,No,No,Yes,Month-to-Month,Yes,Mailed Check,30.25,63.75,0.0,0,0.0,63.75,Joined,Others,Others,1
43297-MAH,Male,60,No,Maharashtra,12,18,,Yes,No,Yes,Cable,No,No,No,Yes,No,No,No,No,Month-to-Month,Yes,Credit Card,50.2000007629394,109.25,0.0,10,12.6800003051757,131.929992675781,Joined,Others,Others,1
43604-TAM,Female,18,No,Tamil Nadu,14,7,Deal 5,Yes,No,No,,No,No,No,No,No,No,No,No,One Year,No,Mailed Check,19.6499996185302,19.6499996185302,0.0,0,23.4099998474121,43.060001373291,Joined,Others,Others,1
43877-PUN,Male,23,No,Punjab,6,3,,Yes,No,Yes,DSL,No,No,Yes,No,No,Yes,Yes,Yes,Month-to-Month,No,Bank Withdrawal,60.849998474121,111.400001525878,0.0,0,30.5,141.899993896484,Joined,Others,Others,1
43908-WES,Male,36,No,West Bengal,3,25,,Yes,No,Yes,Fiber Optic,No,No,No,No,No,No,No,Yes,Month-to-Month,No,Bank Withdrawal,70.3499984741211,139.25,0.0,0,89.5400009155273,228.789993286132,Joined,Others,Others,1
43920-RAJ,Female,38,No,Rajasthan,9,3,Deal 5,Yes,No,Yes,Cable,Yes,No,No,No,No,No,No,Yes,Month-to-Month,No,Credit Card,49.9000015258789,49.9000015258789,0.0,0,9.0,58.9000015258789,Joined,Others,Others,1
44202-TEL,Female,50,Yes,Telangana,9,14,,Yes,No,Yes,Fiber Optic,No,No,No,No,No,No,No,Yes,Month-to-Month,Yes,Credit Card,69.9499969482421,69.9499969482421,0.0,0,11.4499998092651,81.4000015258789,Joined,Others,Others,1
44208-AND,Female,25,Yes,Andhra Pradesh,2,20,,Yes,Yes,Yes,DSL,No,Yes,Yes,No,Yes,No,No,No,Month-to-Month,Yes,Bank Withdrawal,69.1500015258789,235.0,0.0,0,72.8399963378906,307.83999633789,Joined,Others,Others,1
44655-TEL,Male,41,Yes,Telangana,0,25,,Yes,No,Yes,DSL,No,No,No,Yes,No,No,No,Yes,Month-to-Month,Yes,Mailed Check,50.5,147.75,0.0,0,79.1399993896484,226.889999389648,Joined,Others,Others,1
44693-UTT,Female,53,No,Uttar Pradesh,11,27,,Yes,No,No,,No,No,No,No,No,No,No,No,One Year,No,Credit Card,20.2999992370605,31.8999996185302,0.0,0,70.8399963378906,102.739997863769,Joined,Others,Others,1
44700-DEL,Female,48,No,Delhi,10,19,Deal 5,Yes,Yes,Yes,Fiber Optic,No,No,No,No,Yes,No,No,No,Month-to-Month,Yes,Bank Withdrawal,84.5999984741211,84.5999984741211,0.0,0,7.34000015258789,91.9400024414062,Joined,Others,Others,1
44709-WES,Female,72,Yes,West Bengal,7,17,,No,No,Yes,DSL,No,Yes,No,No,No,No,No,Yes,Month-to-Month,Yes,Bank Withdrawal,30.75,82.8499984741211,0.0,0,0.0,82.8499984741211,Joined,Others,Others,1
45038-BIH,Female,25,Yes,Bihar,7,14,,Yes,No,Yes,Fiber Optic,Yes,No,No,No,No,No,No,Yes,Month-to-Month,Yes,Bank Withdrawal,74.5500030517578,233.649993896484,0.0,0,30.2999992370605,263.950012207031,Joined,Others,Others,1
45213-AND,Female,25,Yes,Andhra Pradesh,15,5,Deal 5,Yes,No,Yes,Cable,Yes,No,No,No,No,Yes,Yes,Yes,Month-to-Month,Yes,Credit Card,61.2000007629394,125.949996948242,0.0,0,64.120002746582,190.070007324218,Joined,Others,Others,1
45561-MAH,Female,44,Yes,Maharashtra,6,7,Deal 5,Yes,No,No,,No,No,No,No,No,No,No,No,Month-to-Month,Yes,Mailed Check,20.0,40.9000015258789,0.0,0,86.5400009155273,127.440002441406,Joined,Others,Others,1
45672-TAM,Female,29,No,Tamil Nadu,0,2,,Yes,No,No,,No,No,No,No,No,No,No,No,Month-to-Month,No,Mailed Check,20.2000007629394,20.2000007629394,0.0,0,42.1500015258789,62.349998474121,Joined,Others,Others,1
45771-KAR,Female,50,No,Karnataka,3,7,,Yes,No,Yes,DSL,No,No,No,No,No,No,No,Yes,Month-to-Month,No,Credit Card,44.4500007629394,44.4500007629394,0.0,0,23.3400001525878,67.7900009155273,Joined,Others,Others,1
45978-GUJ,Female,38,Yes,Gujarat,2,19,,Yes,No,No,,No,No,No,No,No,No,No,No,Month-to-Month,No,Credit Card,20.75,44.2000007629394,0.0,0,55.3400001525878,99.5400009155273,Joined,Others,Others,1
46004-TAM,Male,25,Yes,Tamil Nadu,1,6,,Yes,No,Yes,DSL,No,No,No,Yes,Yes,Yes,Yes,Yes,Month-to-Month,No,Bank Withdrawal,-8.0,132.399993896484,0.0,0,47.0400009155273,179.440002441406,Joined,Others,Others,1
46081-TAM,Male,41,Yes,Tamil Nadu,14,29,,Yes,No,Yes,DSL,No,No,No,No,No,No,No,Yes,Month-to-Month,No,Credit Card,45.1500015258789,45.1500015258789,0.0,0,42.3400001525878,87.4899978637695,Joined,Others,Others,1
46190-GUJ,Male,27,Yes,Gujarat,0,36,Deal 5,Yes,No,Yes,DSL,No,No,No,No,No,Yes,Yes,No,Month-to-Month,No,Mailed Check,55.5499992370605,55.5499992370605,0.0,30,33.3199996948242,118.870002746582,Joined,Others,Others,1
46378-MAH,Female,59,Yes,Maharashtra,15,10,,Yes,No,Yes,Fiber Optic,No,No,No,No,No,No,No,Yes,Month-to-Month,Yes,Credit Card,70.4000015258789,154.800003051757,0.0,0,14.9799995422363,169.779998779296,Joined,Others,Others,1
46619-RAJ,Male,25,No,Rajasthan,1,14,,Yes,No,No,,No,No,No,No,No,No,No,No,One Year,No,Credit Card,20.3999996185302,20.3999996185302,0.0,0,27.5,47.9000015258789,Joined,Others,Others,1
46730-ASS,Female,18,No,Assam,5,4,Deal 5,Yes,No,Yes,Fiber Optic,No,Yes,No,No,No,No,No,Yes,Month-to-Month,Yes,Bank Withdrawal,74.75,144.800003051757,0.0,0,87.120002746582,231.919998168945,Joined,Others,Others,1
46792-MAD,Female,59,Yes,Madhya Pradesh,6,25,Deal 5,No,No,Yes,DSL,No,No,Yes,Yes,No,No,No,Yes,Month-to-Month,No,Credit Card,35.9000015258789,35.9000015258789,0.0,0,0.0,35.9000015258789,Joined,Others,Others,1
46865-PUN,Female,18,No,Punjab,11,1,Deal 5,Yes,Yes,Yes,Fiber Optic,No,Yes,No,No,No,No,No,Yes,Month-to-Month,Yes,Bank Withdrawal,79.4499969482421,145.149993896484,0.0,0,57.2200012207031,202.369995117187,Joined,Others,Others,1
47133-ODI,Female,60,Yes,Odisha,15,8,,Yes,No,Yes,Cable,No,No,No,No,No,No,No,Yes,Month-to-Month,No,Bank Withdrawal,44.599998474121,122.699996948242,0.0,0,46.7700004577636,169.470001220703,Joined,Others,Others,1
47492-AND,Female,30,Yes,Andhra Pradesh,15,24,Deal 5,Yes,No,No,,No,No,No,No,No,No,No,No,Month-to-Month,Yes,Bank Withdrawal,20.1499996185302,20.1499996185302,0.0,0,18.6299991607666,38.7799987792968,Joined,Others,Others,1
47611-WES,Male,25,No,West Bengal,4,31,,Yes,No,Yes,DSL,No,No,No,No,No,Yes,Yes,No,Month-to-Month,Yes,Bank Withdrawal,55.25,55.25,0.0,60,39.1899986267089,154.440002441406,Joined,Others,Others,1
47624-TAM,Female,62,Yes,Tamil Nadu,7,29,,Yes,No,Yes,DSL,No,No,No,No,No,Yes,Yes,Yes,Month-to-Month,No,Mailed Check,-5.0,189.100006103515,0.0,0,100.58999633789,289.690002441406,Joined,Others,Others,1
47737-UTT,Male,42,No,Uttar Pradesh,15,25,,Yes,No,No,,No,No,No,No,No,No,No,No,Month-to-Month,No,Credit Card,19.6499996185302,19.6499996185302,0.0,0,16.9099998474121,36.560001373291,Joined,Others,Others,1
47957-GUJ,Female,26,No,Gujarat,4,2,Deal 5,Yes,No,No,,No,No,No,No,No,No,No,No,Month-to-Month,Yes,Credit Card,20.4500007629394,20.4500007629394,0.0,0,42.1699981689453,62.6199989318847,Joined,Others,Others,1
48018-RAJ,Male,39,No,Rajasthan,1,14,,Yes,No,No,,No,No,No,No,No,No,No,No,Month-to-Month,No,Credit Card,19.5499992370605,19.5499992370605,0.0,0,30.6299991607666,50.1800003051757,Joined,Others,Others,1
48051-GUJ,Female,49,Yes,Gujarat,0,36,,No,No,Yes,DSL,No,No,No,No,No,No,No,Yes,One Year,No,Credit Card,25.8500003814697,25.8500003814697,0.0,0,0.0,25.8500003814697,Joined,Others,Others,1
48939-BIH,Female,38,Yes,Bihar,1,6,,Yes,No,Yes,DSL,No,Yes,No,No,No,No,No,Yes,Month-to-Month,No,Bank Withdrawal,49.9500007629394,49.9500007629394,0.0,0,44.9799995422363,94.9300003051757,Joined,Others,Others,1
49201-GUJ,Female,37,No,Gujarat,11,30,,No,No,Yes,DSL,Yes,No,No,No,No,No,No,Yes,Month-to-Month,No,Credit Card,29.8999996185302,29.8999996185302,0.0,0,0.0,29.8999996185302,Joined,Others,Others,1
49265-BIH,Female,18,Yes,Bihar,4,4,Deal 5,Yes,No,Yes,Cable,Yes,No,Yes,No,No,No,Yes,Yes,Month-to-Month,No,Credit Card,55.9000015258789,157.550003051757,0.0,0,99.8399963378906,257.390014648437,Joined,Others,Others,1
49304-KAR,Female,32,Yes,Karnataka,6,33,,Yes,Yes,Yes,DSL,No,No,No,No,No,No,No,Yes,Month-to-Month,Yes,Credit Card,49.7999992370605,49.7999992370605,0.0,0,3.97000002861022,53.7700004577636,Joined,Others,Others,1
51214-MAH,Male,28,No,Maharashtra,12,22,,Yes,No,Yes,Fiber Optic,No,No,Yes,No,No,No,No,No,Month-to-Month,Yes,Credit Card,73.5999984741211,232.5,0.0,10,82.0199966430664,324.519989013671,Joined,Others,Others,1
51597-MAD,Female,26,Yes,Madhya Pradesh,10,18,,Yes,No,No,,No,No,No,No,No,No,No,No,Month-to-Month,No,Credit Card,19.8999996185302,19.8999996185302,0.0,0,1.5,21.3999996185302,Joined,Others,Others,1
51657-TAM,Male,54,No,Tamil Nadu,13,16,,Yes,No,No,,No,No,No,No,No,No,No,No,Month-to-Month,No,Credit Card,20.8500003814697,60.6500015258789,0.0,0,58.7400016784668,119.389999389648,Joined,Others,Others,1
51751-KER,Female,62,No,Kerala,9,25,,Yes,No,Yes,Fiber Optic,No,No,No,No,No,No,No,Yes,Month-to-Month,Yes,Bank Withdrawal,70.1500015258789,123.800003051757,0.0,0,67.5,191.300003051757,Joined,Others,Others,1
51961-BIH,Male,47,No,Bihar,9,25,Deal 5,Yes,No,Yes,DSL,Yes,No,No,No,No,No,No,Yes,Month-to-Month,No,Credit Card,50.9500007629394,123.050003051757,0.0,0,73.9199981689453,196.970001220703,Joined,Others,Others,1
52279-TAM,Male,53,No,Tamil Nadu,15,26,Deal 5,Yes,No,Yes,Fiber Optic,No,No,No,No,Yes,No,No,Yes,Month-to-Month,Yes,Bank Withdrawal,80.6999969482421,239.449996948242,0.0,0,71.1600036621093,310.609985351562,Joined,Others,Others,1
52641-JHA,Female,44,Yes,Jharkhand,7,29,,Yes,No,Yes,Fiber Optic,No,No,No,No,No,No,No,Yes,Month-to-Month,No,Mailed Check,71.0999984741211,71.0999984741211,0.0,0,37.5099983215332,108.610000610351,Joined,Others,Others,1
52695-UTT,Female,52,No,Uttar Pradesh,14,34,,Yes,No,No,,No,No,No,No,No,No,No,No,Month-to-Month,No,Credit Card,20.3500003814697,35.099998474121,0.0,0,4.92000007629394,40.0200004577636,Joined,Others,Others,1
53186-HAR,Male,74,Yes,Haryana,10,2,Deal 5,Yes,No,Yes,DSL,No,No,No,No,No,No,No,Yes,One Year,No,Bank Withdrawal,45.25,45.25,0.0,0,11.8900003433227,57.1399993896484,Joined,Others,Others,1
53295-WES,Female,35,No,West Bengal,7,33,Deal 5,Yes,Yes,No,,No,No,No,No,No,No,No,No,Month-to-Month,Yes,Bank Withdrawal,25.7000007629394,25.7000007629394,0.0,0,43.8400001525878,69.5400009155273,Joined,Others,Others,1
53350-TEL,Male,37,Yes,Telangana,6,22,,Yes,Yes,Yes,Fiber Optic,No,No,No,No,No,No,No,Yes,Month-to-Month,No,Bank Withdrawal,74.5,217.449996948242,0.0,0,20.9099998474121,238.360000610351,Joined,Others,Others,1
53449-MAH,Female,52,No,Maharashtra,8,17,,Yes,No,No,,No,No,No,No,No,No,No,No,Month-to-Month,No,Credit Card,19.8999996185302,19.8999996185302,0.0,0,2.38000011444091,22.2800006866455,Joined,Others,Others,1
53764-WES,Male,36,No,West Bengal,10,23,,No,No,Yes,Cable,No,No,No,No,No,No,No,Yes,Month-to-Month,Yes,Credit Card,24.8999996185302,24.8999996185302,0.0,0,0.0,24.8999996185302,Joined,Others,Others,1
53815-BIH,Female,36,No,Bihar,2,4,,Yes,No,No,,No,No,No,No,No,No,No,No,Month-to-Month,No,Credit Card,19.7000007629394,19.7000007629394,0.0,0,34.2799987792968,53.9799995422363,Joined,Others,Others,1
54172-RAJ,Female,64,Yes,Rajasthan,0,9,Deal 5,Yes,Yes,Yes,DSL,No,Yes,No,No,No,No,No,Yes,Month-to-Month,Yes,Credit Card,56.5499992370605,118.25,0.0,0,63.4799995422363,181.729995727539,Joined,Others,Others,1
54195-MAH,Female,61,Yes,Maharashtra,11,23,,Yes,No,No,,No,No,No,No,No,No,No,No,Month-to-Month,No,Bank Withdrawal,19.75,19.75,0.0,0,37.6199989318847,57.3699989318847,Joined,Others,Others,1
54564-AND,Female,55,Yes,Andhra Pradesh,11,7,,Yes,Yes,Yes,Fiber Optic,No,No,No,No,No,No,No,Yes,Month-to-Month,No,Bank Withdrawal,76.0999984741211,257.600006103515,0.0,0,43.0499992370605,300.649993896484,Joined,Others,Others,1
54598-TAM,Male,59,No,Tamil Nadu,11,32,,Yes,No,No,,No,No,No,No,No,No,No,No,Month-to-Month,No,Credit Card,19.75,39.2999992370605,0.0,0,3.94000005722045,43.2400016784668,Joined,Others,Others,1
54997-UTT,Female,55,No,Uttar Pradesh,7,23,,Yes,No,Yes,DSL,No,No,No,No,No,No,No,Yes,Month-to-Month,Yes,Credit Card,44.0,44.0,0.0,0,26.1499996185302,70.1500015258789,Joined,Others,Others,1
55043-UTT,Male,43,Yes,Uttar Pradesh,8,17,,Yes,No,Yes,Fiber Optic,No,No,No,No,No,No,No,No,Month-to-Month,Yes,Bank Withdrawal,69.9000015258789,69.9000015258789,0.0,10,9.35999965667724,89.2600021362304,Joined,Others,Others,1
55757-KAR,Female,32,Yes,Karnataka,2,9,Deal 5,Yes,No,Yes,Cable,No,No,Yes,Yes,No,No,No,Yes,Month-to-Month,Yes,Mailed Check,55.7999992370605,154.550003051757,0.0,0,12.5699996948242,167.119995117187,Joined,Others,Others,1
55831-TAM,Male,43,No,Tamil Nadu,11,13,Deal 5,Yes,No,No,,No,No,No,No,No,No,No,No,Month-to-Month,No,Mailed Check,19.9500007629394,58.2999992370605,0.0,0,15.4499998092651,73.75,Joined,Others,Others,1
56256-UTT,Male,40,No,Uttar Pradesh,14,15,,Yes,No,Yes,Fiber Optic,No,No,No,No,No,No,No,Yes,Month-to-Month,Yes,Credit Card,70.3000030517578,220.399993896484,0.0,0,29.2199993133544,249.619995117187,Joined,Others,Others,1
56460-MAH,Male,38,Yes,Maharashtra,12,23,Deal 5,Yes,No,Yes,Fiber Optic,No,No,No,No,No,No,No,No,Month-to-Month,No,Credit Card,-1.0,129.199996948242,0.0,10,5.44000005722045,144.639999389648,Joined,Others,Others,1
56554-RAJ,Female,29,Yes,Rajasthan,0,11,Deal 5,Yes,No,No,,No,No,No,No,No,No,No,No,Month-to-Month,Yes,Credit Card,19.75,19.75,0.0,0,10.2200002670288,29.9699993133544,Joined,Others,Others,1
56728-RAJ,Male,40,No,Rajasthan,0,1,,Yes,No,Yes,DSL,No,No,No,No,No,No,No,Yes,Month-to-Month,No,Credit Card,45.599998474121,45.599998474121,0.0,0,37.4399986267089,83.0400009155273,Joined,Others,Others,1
57012-TAM,Female,78,Yes,Tamil Nadu,11,29,Deal 5,Yes,No,Yes,DSL,No,No,No,No,No,No,No,Yes,Two Year,No,Bank Withdrawal,45.2000007629394,45.2000007629394,0.0,0,49.3400001525878,94.5400009155273,Joined,Others,Others,1
57256-BIH,Female,18,No,Bihar,9,7,,Yes,No,No,,No,No,No,No,No,No,No,No,Month-to-Month,No,Credit Card,19.8500003814697,57.2000007629394,0.0,0,9.35999965667724,66.5599975585937,Joined,Others,Others,1
57457-MAD,Female,46,No,Madhya Pradesh,14,34,,Yes,No,No,,No,No,No,No,No,No,No,No,Month-to-Month,No,Mailed Check,20.0,38.0,0.0,0,68.7600021362304,106.76000213623,Joined,Others,Others,1
58044-KAR,Female,31,No,Karnataka,5,13,Deal 5,Yes,No,No,,No,No,No,No,No,No,No,No,Month-to-Month,No,Credit Card,20.3500003814697,41.849998474121,0.0,0,10.8400001525878,52.6899986267089,Joined,Others,Others,1
58577-ODI,Female,44,Yes,Odisha,7,36,Deal 5,Yes,No,Yes,DSL,No,No,No,No,No,No,No,Yes,Month-to-Month,Yes,Credit Card,45.849998474121,105.599998474121,0.0,0,10.9399995803833,116.540000915527,Joined,Others,Others,1
58848-PUN,Male,58,Yes,Punjab,14,18,,Yes,No,Yes,Cable,Yes,No,No,No,No,No,No,Yes,Month-to-Month,Yes,Credit Card,49.7999992370605,49.7999992370605,0.0,0,38.2099990844726,88.0100021362304,Joined,Others,Others,1
58974-MAD,Male,34,No,Madhya Pradesh,11,14,,Yes,No,No,,No,No,No,No,No,No,No,No,Month-to-Month,No,Credit Card,20.2999992370605,41.2000007629394,0.0,0,25.3600006103515,66.5599975585937,Joined,Others,Others,1
59750-AND,Female,49,Yes,Andhra Pradesh,11,4,,Yes,Yes,Yes,Fiber Optic,No,No,No,No,No,No,No,Yes,Month-to-Month,Yes,Credit Card,74.9000015258789,136.050003051757,0.0,0,82.1600036621093,218.210006713867,Joined,Others,Others,1
61025-MAH,Female,45,No,Maharashtra,4,16,Deal 5,Yes,No,Yes,DSL,No,No,Yes,No,No,No,No,Yes,Month-to-Month,Yes,Bank Withdrawal,49.849998474121,49.849998474121,0.0,0,42.5499992370605,92.4000015258789,Joined,Others,Others,1
61203-PUN,Female,19,No,Punjab,11,11,,Yes,Yes,Yes,Cable,No,No,No,Yes,Yes,No,No,Yes,Month-to-Month,No,Bank Withdrawal,64.5999984741211,174.199996948242,0.0,0,122.970001220703,297.170013427734,Joined,Others,Others,1
61331-UTT,Male,36,Yes,Uttarakhand,2,10,Deal 5,Yes,No,Yes,DSL,Yes,No,No,No,No,No,No,Yes,Month-to-Month,Yes,Credit Card,50.75,50.75,0.0,0,45.7700004577636,96.5199966430664,Joined,Others,Others,1
61474-TEL,Male,52,Yes,Telangana,11,17,,Yes,No,No,,No,No,No,No,No,No,No,No,Month-to-Month,No,Credit Card,20.3500003814697,20.3500003814697,0.0,0,31.9699993133544,52.3199996948242,Joined,Others,Others,1
62359-AND,Female,48,Yes,Andhra Pradesh,5,24,Deal 5,No,No,Yes,Cable,No,Yes,No,Yes,No,No,No,No,Month-to-Month,No,Credit Card,33.599998474121,33.599998474121,0.0,50,0.0,83.5999984741211,Joined,Others,Others,1
62535-AND,Male,42,No,Andhra Pradesh,8,22,Deal 5,Yes,No,Yes,Cable,No,No,No,Yes,Yes,Yes,Yes,Yes,Month-to-Month,No,Credit Card,70.6999969482421,225.649993896484,0.0,0,75.120002746582,300.769989013671,Joined,Others,Others,1
62842-HAR,Male,33,Yes,Haryana,11,25,,Yes,No,No,,No,No,No,No,No,No,No,No,Month-to-Month,No,Credit Card,19.2999992370605,44.4000015258789,0.0,0,99.8199996948242,144.220001220703,Joined,Others,Others,1
62968-UTT,Female,18,No,Uttar Pradesh,4,3,,Yes,No,Yes,Cable,No,No,No,Yes,No,Yes,Yes,Yes,Month-to-Month,Yes,Credit Card,59.5499992370605,59.5499992370605,0.0,0,41.3899993896484,100.940002441406,Joined,Others,Others,1
63464-AND,Male,48,No,Andhra Pradesh,7,5,,Yes,No,Yes,DSL,No,No,No,Yes,No,Yes,Yes,Yes,Month-to-Month,No,Credit Card,60.6500015258789,196.899993896484,0.0,0,67.4700012207031,264.369995117187,Joined,Others,Others,1
63487-MAH,Female,36,Yes,Maharashtra,8,34,,Yes,No,Yes,Cable,No,No,No,No,No,No,No,Yes,Month-to-Month,No,Credit Card,44.75,44.75,0.0,0,40.8699989318847,85.620002746582,Joined,Others,Others,1
63883-KAR,Female,33,Yes,Karnataka,12,26,,Yes,No,No,,No,No,No,No,No,No,No,No,Month-to-Month,Yes,Mailed Check,20.4500007629394,42.4500007629394,0.0,0,94.3799972534179,136.830001831054,Joined,Others,Others,1
64095-BIH,Male,27,No,Bihar,2,17,,Yes,No,No,,No,No,No,No,No,No,No,No,One Year,Yes,Bank Withdrawal,-3.0,20.2000007629394,0.0,0,44.6899986267089,64.8899993896484,Joined,Others,Others,1
64327-AND,Female,59,Yes,Andhra Pradesh,8,9,,Yes,No,No,,No,No,No,No,No,No,No,No,Month-to-Month,Yes,Credit Card,20.6499996185302,20.6499996185302,0.0,0,35.2400016784668,55.8899993896484,Joined,Others,Others,1
65531-MAH,Female,55,No,Maharashtra,10,22,,Yes,No,No,,No,No,No,No,No,No,No,No,Month-to-Month,No,Credit Card,19.7999992370605,19.7999992370605,0.0,0,11.9600000381469,31.7600002288818,Joined,Others,Others,1
65580-UTT,Male,54,No,Uttar Pradesh,6,2,,Yes,No,No,,No,No,No,No,No,No,No,No,Month-to-Month,Yes,Credit Card,19.1000003814697,53.0499992370605,0.0,0,48.9599990844726,102.01000213623,Joined,Others,Others,1
65987-TAM,Male,52,Yes,Tamil Nadu,9,34,Deal 5,Yes,Yes,Yes,DSL,Yes,Yes,No,No,No,No,No,Yes,Month-to-Month,No,Bank Withdrawal,61.1500015258789,61.1500015258789,0.0,0,17.0699996948242,78.2200012207031,Joined,Others,Others,1
66164-CHH,Female,62,No,Chhattisgarh,13,20,,Yes,No,No,,No,No,No,No,No,No,No,No,Month-to-Month,No,Credit Card,19.3999996185302,61.0499992370605,0.0,0,13.3000001907348,74.3499984741211,Joined,Others,Others,1
66413-TAM,Female,53,No,Tamil Nadu,12,4,,Yes,No,Yes,Fiber Optic,No,No,No,No,Yes,No,No,No,Month-to-Month,Yes,Bank Withdrawal,80.5,232.350006103515,0.0,0,80.5800018310546,312.929992675781,Joined,Others,Others,1
66612-KAR,Female,58,Yes,Karnataka,11,18,,Yes,No,No,,No,No,No,No,No,No,No,No,Month-to-Month,No,Credit Card,19.9500007629394,58.0,0.0,0,8.06999969482421,66.0699996948242,Joined,Others,Others,1
66669-HAR,Male,44,No,Haryana,12,32,Deal 5,Yes,No,Yes,Cable,No,No,No,No,No,No,No,Yes,Month-to-Month,Yes,Bank Withdrawal,44.0499992370605,44.0499992370605,0.0,0,30.7299995422363,74.7799987792968,Joined,Others,Others,1
66712-GUJ,Female,47,Yes,Gujarat,6,33,Deal 5,Yes,No,Yes,Fiber Optic,No,Yes,No,No,No,Yes,Yes,Yes,Month-to-Month,No,Bank Withdrawal,84.3000030517578,235.050003051757,0.0,0,41.1599998474121,276.209991455078,Joined,Others,Others,1
66749-KER,Female,47,No,Kerala,9,5,,Yes,No,No,,No,No,No,No,No,No,No,No,Month-to-Month,No,Credit Card,20.75,20.75,0.0,0,36.2799987792968,57.0299987792968,Joined,Others,Others,1
66766-UTT,Female,38,No,Uttar Pradesh,6,10,Deal 5,Yes,Yes,Yes,Fiber Optic,No,No,No,No,No,No,No,Yes,Month-to-Month,Yes,Bank Withdrawal,74.9499969482421,212.399993896484,27.6000003814697,0,4.92000007629394,189.720001220703,Joined,Others,Others,1
66868-HAR,Female,25,Yes,Haryana,13,10,,Yes,No,Yes,Fiber Optic,No,No,No,No,No,No,No,No,Month-to-Month,Yes,Bank Withdrawal,70.25,70.25,0.0,10,10.0500001907348,90.3000030517578,Joined,Others,Others,1
67752-MAH,Female,28,No,Maharashtra,0,24,,Yes,No,Yes,Cable,No,No,No,No,No,No,No,Yes,Month-to-Month,No,Credit Card,45.2999992370605,45.2999992370605,0.0,0,47.3600006103515,92.6600036621093,Joined,Others,Others,1
67882-UTT,Female,44,No,Uttar Pradesh,3,16,Deal 5,Yes,No,Yes,DSL,No,No,No,No,No,No,No,Yes,Month-to-Month,No,Bank Withdrawal,43.7999992370605,43.7999992370605,0.0,0,37.5,81.3000030517578,Joined,Others,Others,1
67941-PUN,Female,46,No,Punjab,9,13,Deal 5,Yes,Yes,Yes,DSL,No,Yes,No,No,No,No,No,No,Month-to-Month,No,Credit Card,54.1500015258789,101.650001525878,0.0,10,42.599998474121,154.25,Joined,Others,Others,1
67994-MAD,Male,75,Yes,Madhya Pradesh,12,33,Deal 5,Yes,No,Yes,DSL,No,No,No,No,No,No,No,Yes,Two Year,No,Bank Withdrawal,46.2999992370605,46.2999992370605,0.0,0,11.5100002288818,57.810001373291,Joined,Others,Others,1
68556-MAH,Male,68,No,Maharashtra,4,23,,Yes,No,No,,No,No,No,No,No,No,No,No,Month-to-Month,No,Credit Card,20.2000007629394,20.2000007629394,0.0,0,13.079999923706,33.2799987792968,Joined,Others,Others,1
68826-MAH,Male,48,No,Maharashtra,14,1,,No,No,Yes,Cable,No,No,No,No,No,No,No,No,Month-to-Month,Yes,Bank Withdrawal,24.7000007629394,24.7000007629394,0.0,0,0.0,24.7000007629394,Joined,Others,Others,1
71197-PUN,Female,38,No,Punjab,0,33,Deal 5,Yes,No,Yes,Cable,Yes,No,Yes,No,Yes,Yes,Yes,Yes,Month-to-Month,Yes,Bank Withdrawal,77.4000015258789,206.149993896484,0.0,0,133.259994506835,339.410003662109,Joined,Others,Others,1
71210-WES,Female,58,No,West Bengal,15,28,,Yes,No,No,,No,No,No,No,No,No,No,No,Month-to-Month,No,Credit Card,19.8500003814697,19.8500003814697,0.0,0,29.1000003814697,48.9500007629394,Joined,Others,Others,1
71234-HAR,Female,44,No,Haryana,10,34,,Yes,No,No,,No,No,No,No,No,No,No,No,Month-to-Month,Yes,Credit Card,19.3999996185302,19.3999996185302,0.0,0,23.9699993133544,43.3699989318847,Joined,Others,Others,1
71261-TAM,Female,59,No,Tamil Nadu,2,27,,Yes,No,Yes,Cable,Yes,Yes,No,Yes,No,Yes,Yes,Yes,Month-to-Month,Yes,Bank Withdrawal,70.4499969482421,70.4499969482421,0.0,0,20.1000003814697,90.5500030517578,Joined,Others,Others,1
71509-HAR,Female,40,No,Haryana,3,27,,Yes,No,Yes,DSL,No,No,No,No,Yes,No,No,Yes,Month-to-Month,Yes,Bank Withdrawal,54.6500015258789,54.6500015258789,0.0,0,36.3300018310546,90.9800033569336,Joined,Others,Others,1
71564-KAR,Female,48,No,Karnataka,6,5,,Yes,No,No,,No,No,No,No,No,No,No,No,Month-to-Month,No,Credit Card,19.0499992370605,19.0499992370605,0.0,0,5.01999998092651,24.0699996948242,Joined,Others,Others,1
71689-PUN,Female,42,Yes,Punjab,3,19,,Yes,No,Yes,DSL,No,No,No,No,No,No,No,Yes,Month-to-Month,No,Credit Card,43.9500007629394,43.9500007629394,0.0,0,45.5900001525878,89.5400009155273,Joined,Others,Others,1
71752-TEL,Female,51,No,Telangana,4,2,Deal 5,Yes,No,No,,No,No,No,No,No,No,No,No,Month-to-Month,No,Bank Withdrawal,19.8999996185302,57.4000015258789,0.0,0,53.7999992370605,111.199996948242,Joined,Others,Others,1
72275-GUJ,Female,45,Yes,Gujarat,8,4,,Yes,No,No,,No,No,No,No,No,No,No,No,One Year,No,Credit Card,19.9500007629394,47.7000007629394,0.0,0,62.9000015258789,110.599998474121,Joined,Others,Others,1
72357-MAD,Female,53,No,Madhya Pradesh,14,12,Deal 5,Yes,No,Yes,DSL,No,No,No,No,No,No,No,Yes,Month-to-Month,Yes,Credit Card,44.2999992370605,44.2999992370605,0.0,0,42.9500007629394,87.25,Joined,Others,Others,1
72391-UTT,Male,35,No,Uttar Pradesh,1,7,,No,No,Yes,DSL,No,No,No,No,No,Yes,Yes,Yes,Month-to-Month,No,Bank Withdrawal,35.0,35.0,0.0,0,0.0,35.0,Joined,Others,Others,1
72469-MAD,Male,56,No,Madhya Pradesh,9,9,,Yes,No,Yes,Cable,Yes,No,Yes,No,No,No,No,Yes,Month-to-Month,No,Credit Card,55.7000007629394,55.7000007629394,0.0,0,17.6800003051757,73.3799972534179,Joined,Others,Others,1
72971-TAM,Female,81,No,Tamil Nadu,6,8,,Yes,No,Yes,Fiber Optic,No,No,No,Yes,No,No,No,Yes,One Year,No,Bank Withdrawal,74.6999969482421,74.6999969482421,0.0,0,27.6499996185302,102.349998474121,Joined,Others,Others,1
73044-KAR,Male,23,Yes,Karnataka,15,5,,Yes,No,Yes,Fiber Optic,No,Yes,No,No,No,No,No,Yes,Month-to-Month,No,Credit Card,74.5999984741211,74.5999984741211,0.0,0,42.9900016784668,117.58999633789,Joined,Others,Others,1
73108-GUJ,Female,38,Yes,Gujarat,6,12,,Yes,No,No,,No,No,No,No,No,No,No,No,Month-to-Month,No,Credit Card,20.25,36.7999992370605,0.0,0,31.6599998474121,68.4599990844726,Joined,Others,Others,1
73547-KAR,Female,43,Yes,Karnataka,13,16,,Yes,Yes,Yes,Fiber Optic,No,No,No,No,Yes,No,No,Yes,Month-to-Month,Yes,Bank Withdrawal,84.0500030517578,134.050003051757,0.0,0,44.4599990844726,178.509994506835,Joined,Others,Others,1
74033-ASS,Female,45,Yes,Assam,15,20,,No,No,Yes,Cable,No,No,No,No,No,No,No,Yes,Month-to-Month,No,Bank Withdrawal,25.25,25.25,0.0,0,0.0,25.25,Joined,Others,Others,1
74378-KAR,Female,37,Yes,Karnataka,12,30,,Yes,No,Yes,DSL,Yes,No,No,Yes,No,No,No,Yes,Month-to-Month,Yes,Credit Card,54.4500007629394,87.3000030517578,0.0,0,39.7400016784668,127.040000915527,Joined,Others,Others,1
74518-ODI,Female,27,No,Odisha,13,13,Deal 5,Yes,No,Yes,DSL,No,No,No,No,No,No,No,Yes,Month-to-Month,No,Bank Withdrawal,44.4500007629394,82.6999969482421,0.0,0,37.4000015258789,120.099998474121,Joined,Others,Others,1
74651-WES,Female,30,Yes,West Bengal,7,23,,No,No,Yes,DSL,No,Yes,No,No,No,No,No,Yes,Month-to-Month,No,Credit Card,29.2000007629394,98.5,0.0,0,0.0,98.5,Joined,Others,Others,1
74804-WES,Female,46,No,West Bengal,0,5,,Yes,No,Yes,Fiber Optic,No,No,No,No,No,No,No,No,Month-to-Month,Yes,Credit Card,69.5999984741211,207.399993896484,0.0,20,86.9100036621093,314.309997558593,Joined,Others,Others,1
74978-MAH,Female,28,Yes,Maharashtra,1,21,,Yes,No,No,,No,No,No,No,No,No,No,No,Month-to-Month,No,Bank Withdrawal,19.75,19.75,0.0,0,30.3799991607666,50.1300010681152,Joined,Others,Others,1
74979-MAD,Female,49,Yes,Madhya Pradesh,10,14,Deal 5,No,No,Yes,Cable,No,No,No,Yes,No,No,No,Yes,Month-to-Month,No,Bank Withdrawal,29.0499992370605,44.75,0.0,0,0.0,44.75,Joined,Others,Others,1
75058-TEL,Female,59,No,Telangana,6,14,,Yes,No,Yes,DSL,No,No,Yes,Yes,Yes,Yes,Yes,Yes,One Year,No,Credit Card,74.0999984741211,74.0999984741211,0.0,0,36.0499992370605,110.150001525878,Joined,Others,Others,1
75671-PUD,Female,34,Yes,Puducherry,8,13,,Yes,No,Yes,Cable,No,No,No,No,No,No,No,Yes,Month-to-Month,Yes,Bank Withdrawal,45.4000015258789,80.9499969482421,0.0,0,21.6200008392334,102.569999694824,Joined,Others,Others,1
75802-MAH,Female,61,No,Maharashtra,4,3,,Yes,No,No,,No,No,No,No,No,No,No,No,Month-to-Month,No,Credit Card,20.0499992370605,20.0499992370605,0.0,0,13.5100002288818,33.560001373291,Joined,Others,Others,1
76419-KAR,Male,46,Yes,Karnataka,14,28,,Yes,Yes,Yes,Fiber Optic,No,No,No,No,Yes,Yes,Yes,Yes,Month-to-Month,No,Bank Withdrawal,94.9000015258789,273.200012207031,0.0,0,8.90999984741211,282.109985351562,Joined,Others,Others,1
77137-MAH,Male,52,No,Maharashtra,1,8,Deal 5,Yes,No,Yes,DSL,No,No,No,No,No,No,No,Yes,Month-to-Month,Yes,Mailed Check,45.5499992370605,45.5499992370605,0.0,0,16.3400001525878,61.8899993896484,Joined,Others,Others,1
77230-RAJ,Female,59,Yes,Rajasthan,5,4,,Yes,No,No,,No,No,No,No,No,No,No,No,Month-to-Month,Yes,Bank Withdrawal,19.6499996185302,31.2000007629394,0.0,0,15.6000003814697,46.7999992370605,Joined,Others,Others,1
77311-MAD,Male,47,Yes,Madhya Pradesh,9,19,Deal 5,Yes,No,No,,No,No,No,No,No,No,No,No,Month-to-Month,No,Credit Card,20.25,20.25,0.0,0,40.4599990844726,60.7099990844726,Joined,Others,Others,1
77658-AND,Male,44,No,Andhra Pradesh,0,4,Deal 5,No,No,Yes,DSL,No,No,No,No,No,No,No,Yes,Month-to-Month,Yes,Bank Withdrawal,24.3999996185302,24.3999996185302,0.0,0,0.0,24.3999996185302,Joined,Others,Others,1
77678-JHA,Female,41,Yes,Jharkhand,1,29,,Yes,No,Yes,DSL,Yes,No,No,No,No,No,No,Yes,Month-to-Month,No,Bank Withdrawal,49.5499992370605,49.5499992370605,0.0,0,10.829999923706,60.3800010681152,Joined,Others,Others,1
77688-TAM,Male,35,No,Tamil Nadu,4,13,,Yes,No,Yes,DSL,No,No,No,Yes,No,No,No,Yes,Month-to-Month,No,Credit Card,49.0,49.0,0.0,0,49.1899986267089,98.1900024414062,Joined,Others,Others,1
78021-UTT,Female,45,Yes,Uttar Pradesh,12,35,Deal 5,Yes,Yes,No,,No,No,No,No,No,No,No,No,Month-to-Month,Yes,Credit Card,25.0,25.0,0.0,0,3.39000010490417,28.3899993896484,Joined,Others,Others,1
78220-TAM,Female,21,Yes,Tamil Nadu,14,10,,Yes,No,Yes,Fiber Optic,No,No,Yes,Yes,Yes,No,Yes,Yes,Month-to-Month,Yes,Credit Card,89.8499984741211,244.449996948242,0.0,0,75.3000030517578,319.75,Joined,Others,Others,1
78253-GUJ,Male,63,No,Gujarat,13,30,,Yes,No,Yes,Fiber Optic,No,Yes,No,No,No,Yes,Yes,Yes,Month-to-Month,Yes,Bank Withdrawal,85.0,85.0,0.0,0,15.1999998092651,100.199996948242,Joined,Others,Others,1
78885-TAM,Female,43,No,Tamil Nadu,2,5,Deal 5,Yes,No,No,,No,No,No,No,No,No,No,No,Month-to-Month,No,Credit Card,19.5,19.5,0.0,0,20.1100006103515,39.6100006103515,Joined,Others,Others,1
78918-BIH,Female,59,No,Bihar,12,11,Deal 5,Yes,No,Yes,Fiber Optic,Yes,No,No,No,No,Yes,Yes,Yes,Month-to-Month,Yes,Credit Card,86.0500030517578,244.850006103515,0.0,0,54.7799987792968,299.630004882812,Joined,Others,Others,1
78978-UTT,Male,54,No,Uttar Pradesh,0,13,Deal 5,Yes,No,No,,No,No,No,No,No,No,No,No,Month-to-Month,No,Credit Card,19.2999992370605,19.2999992370605,0.0,0,16.3600006103515,35.6599998474121,Joined,Others,Others,1
79168-UTT,Female,78,No,Uttar Pradesh,2,10,Deal 5,Yes,No,Yes,Cable,No,No,No,No,No,No,No,Yes,One Year,Yes,Bank Withdrawal,44.2999992370605,89.3000030517578,0.0,0,47.8199996948242,137.119995117187,Joined,Others,Others,1
79427-KAR,Male,67,Yes,Karnataka,12,21,Deal 5,Yes,No,Yes,Fiber Optic,No,No,No,No,No,No,No,Yes,Month-to-Month,No,Bank Withdrawal,70.0999984741211,141.649993896484,0.0,0,69.9800033569336,211.630004882812,Joined,Others,Others,1
79700-KER,Female,53,No,Kerala,5,30,,Yes,Yes,Yes,Fiber Optic,No,Yes,Yes,No,Yes,Yes,Yes,Yes,Month-to-Month,No,Mailed Check,107.949996948242,313.600006103515,0.0,0,142.5,456.100006103515,Joined,Others,Others,1
79777-MAH,Male,77,Yes,Maharashtra,13,33,,Yes,Yes,Yes,Fiber Optic,No,No,No,No,No,No,No,Yes,Month-to-Month,Yes,Mailed Check,72.5999984741211,154.300003051757,0.0,0,30.3799991607666,184.679992675781,Joined,Others,Others,1
79905-UTT,Female,24,No,Uttar Pradesh,0,12,,Yes,No,No,,No,No,No,No,No,No,No,No,Month-to-Month,No,Credit Card,20.4500007629394,20.4500007629394,0.0,0,30.0900001525878,50.5400009155273,Joined,Others,Others,1
81098-GUJ,Male,31,Yes,Gujarat,13,11,,Yes,No,Yes,DSL,Yes,No,No,No,No,No,No,Yes,Month-to-Month,No,Credit Card,51.25,51.25,0.0,0,39.2999992370605,90.5500030517578,Joined,Others,Others,1
81118-MAD,Female,31,No,Madhya Pradesh,1,13,,Yes,No,Yes,Cable,No,No,No,No,No,No,No,Yes,Month-to-Month,Yes,Credit Card,45.7999992370605,45.7999992370605,0.0,0,13.619999885559,59.4199981689453,Joined,Others,Others,1
81169-TEL,Female,62,Yes,Telangana,4,2,,Yes,No,No,,No,No,No,No,No,No,No,No,Month-to-Month,No,Bank Withdrawal,18.8500003814697,18.8500003814697,0.0,0,7.80000019073486,26.6499996185302,Joined,Others,Others,1
81235-JHA,Female,42,Yes,Jharkhand,9,32,Deal 5,Yes,No,Yes,DSL,No,No,No,No,No,No,No,Yes,Month-to-Month,Yes,Credit Card,44.9000015258789,44.9000015258789,0.0,0,15.7600002288818,60.6599998474121,Joined,Others,Others,1
81763-DEL,Male,36,Yes,Delhi,7,7,,Yes,No,Yes,Fiber Optic,Yes,No,Yes,No,No,No,No,Yes,Month-to-Month,Yes,Bank Withdrawal,80.4499969482421,137.100006103515,0.0,0,70.8199996948242,207.919998168945,Joined,Others,Others,1
82010-WES,Female,46,No,West Bengal,14,7,Deal 5,Yes,Yes,Yes,Fiber Optic,No,Yes,No,No,No,No,No,Yes,Month-to-Month,No,Bank Withdrawal,79.5500030517578,151.75,0.0,0,51.1199989318847,202.869995117187,Joined,Others,Others,1
82118-JAM,Female,69,Yes,Jammu & Kashmir,3,6,Deal 5,No,No,Yes,Cable,No,No,No,No,No,No,No,Yes,Month-to-Month,No,Mailed Check,24.2000007629394,24.2000007629394,0.0,0,0.0,24.2000007629394,Joined,Others,Others,1
82129-JHA,Female,26,No,Jharkhand,9,8,Deal 5,Yes,No,Yes,DSL,No,Yes,No,No,Yes,No,No,Yes,Month-to-Month,Yes,Credit Card,58.7000007629394,168.600006103515,0.0,0,34.4099998474121,203.009994506835,Joined,Others,Others,1
82170-TAM,Male,41,No,Tamil Nadu,5,29,,Yes,No,Yes,DSL,No,No,No,No,No,No,No,Yes,Month-to-Month,No,Mailed Check,44.599998474121,44.599998474121,0.0,0,45.2799987792968,89.8799972534179,Joined,Others,Others,1
82427-MAH,Male,36,No,Maharashtra,15,28,Deal 5,Yes,No,No,,No,No,No,No,No,No,No,No,Month-to-Month,No,Credit Card,19.5499992370605,19.5499992370605,0.0,0,17.9400005340576,37.4900016784668,Joined,Others,Others,1
82473-AND,Male,63,Yes,Andhra Pradesh,10,1,Deal 5,No,No,Yes,DSL,No,Yes,No,No,No,No,No,Yes,Month-to-Month,No,Credit Card,29.7999992370605,94.4000015258789,0.0,0,0.0,94.4000015258789,Joined,Others,Others,1
82559-CHH,Male,34,Yes,Chhattisgarh,0,33,Deal 5,Yes,No,Yes,DSL,No,Yes,No,Yes,No,Yes,Yes,No,Month-to-Month,Yes,Credit Card,64.1999969482421,143.649993896484,0.0,30,8.81999969482421,182.470001220703,Joined,Others,Others,1
82718-TAM,Male,32,Yes,Tamil Nadu,12,7,,Yes,No,No,,No,No,No,No,No,No,No,No,Month-to-Month,No,Bank Withdrawal,20.7000007629394,20.7000007629394,0.0,0,45.8600006103515,66.5599975585937,Joined,Others,Others,1
82965-TEL,Female,38,No,Telangana,8,20,,Yes,No,Yes,Cable,No,No,No,No,No,No,No,No,Month-to-Month,No,Credit Card,44.75,148.050003051757,0.0,10,104.669998168945,262.720001220703,Joined,Others,Others,1
83050-PUN,Female,25,Yes,Punjab,7,20,,Yes,No,No,,No,No,No,No,No,No,No,No,One Year,No,Credit Card,20.4500007629394,34.7999992370605,0.0,0,92.0,126.800003051757,Joined,Others,Others,1
83080-HAR,Female,54,No,Haryana,9,4,,Yes,No,Yes,Fiber Optic,No,No,No,No,No,No,No,Yes,Month-to-Month,Yes,Bank Withdrawal,70.1500015258789,194.199996948242,0.0,0,16.8899993896484,211.08999633789,Joined,Others,Others,1
83113-GUJ,Male,35,No,Gujarat,8,30,,No,No,Yes,DSL,No,No,No,Yes,No,No,No,Yes,Month-to-Month,No,Credit Card,29.1499996185302,29.1499996185302,0.0,0,0.0,29.1499996185302,Joined,Others,Others,1
83196-UTT,Female,61,Yes,Uttar Pradesh,3,10,,Yes,Yes,Yes,Fiber Optic,Yes,No,No,No,No,No,No,Yes,Month-to-Month,No,Credit Card,80.5500030517578,188.100006103515,0.0,0,10.6000003814697,198.699996948242,Joined,Others,Others,1
83308-TAM,Male,40,No,Tamil Nadu,5,14,,No,No,Yes,DSL,No,Yes,No,No,No,No,No,Yes,Month-to-Month,No,Mailed Check,29.6499996185302,90.0500030517578,0.0,0,0.0,90.0500030517578,Joined,Others,Others,1
83440-GUJ,Male,53,No,Gujarat,4,14,,Yes,No,No,,No,No,No,No,No,No,No,No,Month-to-Month,No,Bank Withdrawal,20.0,49.6500015258789,0.0,0,93.1800003051757,142.830001831054,Joined,Others,Others,1
83486-MAH,Male,34,No,Maharashtra,5,4,Deal 5,Yes,No,Yes,Fiber Optic,No,No,Yes,No,No,No,No,Yes,Month-to-Month,No,Credit Card,75.3499984741211,75.3499984741211,0.0,0,38.8899993896484,114.239997863769,Joined,Others,Others,1
83736-UTT,Male,43,Yes,Uttar Pradesh,1,25,,Yes,No,Yes,DSL,No,No,No,No,No,No,No,Yes,Month-to-Month,No,Credit Card,45.349998474121,45.349998474121,0.0,0,12.4600000381469,57.810001373291,Joined,Others,Others,1
83817-UTT,Male,48,No,Uttar Pradesh,8,18,,Yes,No,No,,No,No,No,No,No,No,No,No,Month-to-Month,Yes,Mailed Check,21.0499992370605,21.0499992370605,0.0,0,10.1400003433227,31.1900005340576,Joined,Others,Others,1
83939-AND,Female,42,No,Andhra Pradesh,8,27,,Yes,No,No,,No,No,No,No,No,No,No,No,Month-to-Month,No,Bank Withdrawal,20.1000003814697,43.1500015258789,0.0,0,65.7200012207031,108.870002746582,Joined,Others,Others,1
83994-DEL,Male,48,Yes,Delhi,8,24,,Yes,No,Yes,Fiber Optic,No,No,No,No,Yes,Yes,Yes,Yes,Month-to-Month,No,Credit Card,90.6999969482421,237.649993896484,0.0,0,16.1700000762939,253.820007324218,Joined,Others,Others,1
84508-TAM,Female,28,Yes,Tamil Nadu,11,28,,Yes,No,No,,No,No,No,No,No,No,No,No,Month-to-Month,No,Credit Card,21.1000003814697,21.1000003814697,0.0,0,18.8099994659423,39.9099998474121,Joined,Others,Others,1
84535-TAM,Male,46,No,Tamil Nadu,2,36,,Yes,No,No,,No,No,No,No,No,No,No,No,Month-to-Month,No,Mailed Check,20.3999996185302,42.9000015258789,0.0,0,99.0599975585937,141.960006713867,Joined,Others,Others,1
84577-TEL,Female,59,Yes,Telangana,11,29,,Yes,No,Yes,Cable,No,Yes,No,No,Yes,No,No,Yes,Month-to-Month,Yes,Bank Withdrawal,59.0,114.150001525878,0.0,0,54.0400009155273,168.190002441406,Joined,Others,Others,1
84613-BIH,Female,30,No,Bihar,8,22,Deal 5,Yes,Yes,Yes,Fiber Optic,No,Yes,No,No,No,No,No,No,Month-to-Month,Yes,Credit Card,79.1500015258789,79.1500015258789,0.0,60,18.0,157.149993896484,Joined,Others,Others,1
84687-PUN,Female,31,No,Punjab,0,18,Deal 5,No,No,Yes,Cable,No,No,No,No,No,No,No,No,Month-to-Month,No,Credit Card,24.7000007629394,24.7000007629394,0.0,70,0.0,94.6999969482421,Joined,Others,Others,1
84720-GUJ,Male,55,Yes,Gujarat,11,6,,Yes,No,No,,No,No,No,No,No,No,No,No,Month-to-Month,No,Credit Card,19.2000007629394,19.2000007629394,0.0,0,32.7799987792968,51.9799995422363,Joined,Others,Others,1
84770-UTT,Female,38,Yes,Uttar Pradesh,2,21,,Yes,No,No,,No,No,No,No,No,No,No,No,Month-to-Month,No,Mailed Check,20.1499996185302,20.1499996185302,0.0,0,27.5900001525878,47.7400016784668,Joined,Others,Others,1
84789-PUN,Male,46,No,Punjab,9,19,Deal 5,Yes,No,Yes,Fiber Optic,No,Yes,Yes,Yes,Yes,Yes,Yes,Yes,Month-to-Month,Yes,Bank Withdrawal,107.949996948242,318.600006103515,0.0,0,37.9799995422363,356.579986572265,Joined,Others,Others,1
84843-MAD,Female,57,Yes,Madhya Pradesh,11,8,,Yes,Yes,Yes,Fiber Optic,No,No,No,No,No,No,No,Yes,Month-to-Month,Yes,Bank Withdrawal,75.0999984741211,75.0999984741211,0.0,0,4.53000020980835,79.6299972534179,Joined,Others,Others,1
85027-KAR,Male,57,No,Karnataka,14,27,Deal 5,Yes,No,No,,No,No,No,No,No,No,No,No,Month-to-Month,Yes,Credit Card,19.75,19.75,0.0,0,1.61000001430511,21.3600006103515,Joined,Others,Others,1
85031-RAJ,Female,60,No,Rajasthan,1,4,Deal 5,Yes,No,Yes,DSL,No,No,No,No,No,No,No,Yes,Month-to-Month,No,Bank Withdrawal,44.0,44.0,0.0,0,13.3999996185302,57.4000015258789,Joined,Others,Others,1
85428-HAR,Female,62,Yes,Haryana,11,18,,Yes,No,No,,No,No,No,No,No,No,No,No,Month-to-Month,No,Credit Card,20.1000003814697,39.7999992370605,0.0,0,71.0,110.800003051757,Joined,Others,Others,1
85506-MAH,Female,23,No,Maharashtra,0,10,,Yes,No,No,,No,No,No,No,No,No,No,No,One Year,No,Credit Card,20.2000007629394,34.75,0.0,0,76.8199996948242,111.569999694824,Joined,Others,Others,1
85917-TAM,Male,53,Yes,Tamil Nadu,7,15,Deal 5,Yes,No,No,,No,No,No,No,No,No,No,No,Month-to-Month,Yes,Credit Card,19.5,19.5,0.0,0,33.0200004577636,52.5200004577636,Joined,Others,Others,1
86289-UTT,Male,27,No,Uttar Pradesh,4,27,,Yes,No,No,,No,No,No,No,No,No,No,No,Month-to-Month,No,Credit Card,20.2999992370605,20.2999992370605,0.0,0,29.1900005340576,49.4900016784668,Joined,Others,Others,1
86315-TAM,Female,54,No,Tamil Nadu,6,13,Deal 5,Yes,No,No,,No,No,No,No,No,No,No,No,Month-to-Month,No,Bank Withdrawal,20.9500007629394,20.9500007629394,0.0,0,2.28999996185302,23.2399997711181,Joined,Others,Others,1
86362-ASS,Female,35,Yes,Assam,15,11,,Yes,No,Yes,Fiber Optic,No,No,No,Yes,No,No,No,Yes,Month-to-Month,Yes,Mailed Check,74.3000030517578,74.3000030517578,0.0,0,39.5499992370605,113.849998474121,Joined,Others,Others,1
86369-BIH,Female,59,No,Bihar,1,2,Deal 5,Yes,Yes,Yes,DSL,No,Yes,No,No,No,No,No,No,Month-to-Month,No,Bank Withdrawal,54.2999992370605,54.2999992370605,0.0,10,34.0200004577636,98.3199996948242,Joined,Others,Others,1
86703-WES,Female,54,Yes,West Bengal,14,35,Deal 5,Yes,No,No,,No,No,No,No,No,No,No,No,Month-to-Month,No,Bank Withdrawal,20.6499996185302,20.6499996185302,0.0,0,1.47000002861022,22.1200008392334,Joined,Others,Others,1
86891-GUJ,Male,25,No,Gujarat,7,5,,Yes,No,No,,No,No,No,No,No,No,No,No,Month-to-Month,No,Credit Card,20.0499992370605,20.0499992370605,0.0,0,18.1499996185302,38.2000007629394,Joined,Others,Others,1
86970-KER,Male,57,Yes,Kerala,2,9,,Yes,No,Yes,DSL,No,Yes,No,No,No,No,No,No,Month-to-Month,No,Bank Withdrawal,49.5,49.5,0.0,30,16.9899997711181,96.4899978637695,Joined,Others,Others,1
87024-KAR,Male,58,No,Karnataka,14,8,Deal 5,Yes,No,Yes,Fiber Optic,No,No,No,No,No,No,No,Yes,Month-to-Month,Yes,Credit Card,71.3000030517578,157.75,0.0,0,13.4799995422363,171.229995727539,Joined,Others,Others,1
87077-TAM,Male,62,Yes,Tamil Nadu,3,21,Deal 5,Yes,No,Yes,Cable,No,No,Yes,No,Yes,Yes,Yes,Yes,Month-to-Month,No,Credit Card,69.0,147.800003051757,0.0,0,54.8199996948242,202.619995117187,Joined,Others,Others,1
87704-GUJ,Female,38,Yes,Gujarat,9,24,Deal 5,Yes,No,No,,No,No,No,No,No,No,No,No,Two Year,No,Credit Card,20.4500007629394,20.4500007629394,0.0,0,43.8199996948242,64.2699966430664,Joined,Others,Others,1
88107-JAM,Female,58,No,Jammu & Kashmir,10,34,,No,No,Yes,DSL,No,No,No,Yes,No,No,No,No,Month-to-Month,No,Credit Card,30.5499992370605,30.5499992370605,0.0,40,0.0,70.5500030517578,Joined,Others,Others,1
88111-MAH,Female,52,Yes,Maharashtra,15,32,,Yes,No,Yes,Fiber Optic,Yes,Yes,No,Yes,No,No,No,Yes,Month-to-Month,Yes,Credit Card,83.4000015258789,83.4000015258789,0.0,0,43.060001373291,126.459999084472,Joined,Others,Others,1
88215-KAR,Female,19,No,Karnataka,5,10,Deal 5,Yes,Yes,Yes,DSL,No,No,No,No,No,No,No,Yes,Month-to-Month,Yes,Bank Withdrawal,50.0499992370605,50.0499992370605,0.0,0,43.0499992370605,93.0999984741211,Joined,Others,Others,1
88728-UTT,Female,42,No,Uttar Pradesh,12,9,,Yes,No,No,,No,No,No,No,No,No,No,No,One Year,No,Credit Card,21.2000007629394,52.0499992370605,0.0,0,36.1500015258789,88.1999969482421,Joined,Others,Others,1
89154-RAJ,Female,47,No,Rajasthan,5,3,Deal 5,Yes,No,Yes,Cable,No,Yes,No,No,No,No,No,Yes,Month-to-Month,No,Credit Card,49.2000007629394,103.699996948242,0.0,0,58.560001373291,162.259994506835,Joined,Others,Others,1
89188-KAR,Female,26,Yes,Karnataka,3,9,,Yes,No,No,,No,No,No,No,No,No,No,No,Month-to-Month,Yes,Mailed Check,20.5499992370605,33.599998474121,0.0,0,33.4000015258789,67.0,Joined,Others,Others,1
89303-AND,Male,51,No,Andhra Pradesh,6,11,Deal 5,Yes,No,Yes,Fiber Optic,No,No,No,No,No,No,No,Yes,Month-to-Month,No,Credit Card,69.9499969482421,143.899993896484,0.0,0,58.2000007629394,202.100006103515,Joined,Others,Others,1
89382-ASS,Male,56,No,Assam,5,29,Deal 5,No,No,Yes,DSL,No,No,No,Yes,No,No,No,Yes,Month-to-Month,Yes,Bank Withdrawal,29.75,96.8499984741211,0.0,0,0.0,96.8499984741211,Joined,Others,Others,1
89512-JAM,Male,57,No,Jammu & Kashmir,3,34,,Yes,Yes,Yes,DSL,Yes,Yes,No,No,No,No,No,Yes,Month-to-Month,No,Bank Withdrawal,60.9500007629394,134.600006103515,0.0,0,29.7600002288818,164.360000610351,Joined,Others,Others,1
89804-MAH,Male,34,No,Maharashtra,4,31,Deal 5,Yes,No,No,,No,No,No,No,No,No,No,No,Month-to-Month,No,Credit Card,19.3999996185302,50.599998474121,0.0,0,30.3199996948242,80.9199981689453,Joined,Others,Others,1
91320-PUD,Female,58,No,Puducherry,0,18,,Yes,No,Yes,Fiber Optic,No,No,No,No,No,No,No,Yes,Month-to-Month,No,Bank Withdrawal,70.0999984741211,70.0999984741211,0.0,0,1.14999997615814,71.25,Joined,Others,Others,1
91835-GUJ,Male,21,Yes,Gujarat,12,5,,Yes,No,Yes,Cable,No,No,Yes,Yes,Yes,Yes,Yes,Yes,Month-to-Month,Yes,Bank Withdrawal,75.5,75.5,0.0,0,5.63000011444091,81.1299972534179,Joined,Others,Others,1
92134-BIH,Male,24,No,Bihar,5,11,,No,No,Yes,DSL,No,No,No,No,Yes,No,No,Yes,Month-to-Month,Yes,Credit Card,34.7999992370605,113.949996948242,0.0,0,0.0,113.949996948242,Joined,Others,Others,1
92198-DEL,Female,44,Yes,Delhi,8,15,Deal 5,Yes,No,No,,No,No,No,No,No,No,No,No,Month-to-Month,Yes,Credit Card,20.25,20.25,0.0,0,28.1800003051757,48.4300003051757,Joined,Others,Others,1
92228-BIH,Female,22,Yes,Bihar,10,9,,No,No,Yes,Cable,No,No,No,No,No,No,No,Yes,Month-to-Month,Yes,Credit Card,25.1499996185302,25.1499996185302,0.0,0,0.0,25.1499996185302,Joined,Others,Others,1
92398-AND,Male,35,No,Andhra Pradesh,5,12,Deal 5,Yes,No,No,,No,No,No,No,No,No,No,No,Month-to-Month,Yes,Credit Card,20.0,61.7000007629394,0.0,0,46.1100006103515,107.809997558593,Joined,Others,Others,1
92494-MAH,Female,39,Yes,Maharashtra,11,19,,Yes,No,Yes,Fiber Optic,Yes,Yes,No,No,Yes,No,No,No,Month-to-Month,Yes,Bank Withdrawal,91.1500015258789,168.5,0.0,10,93.5599975585937,272.059997558593,Joined,Others,Others,1
92527-KAR,Female,40,No,Karnataka,7,16,,Yes,No,No,,No,No,No,No,No,No,No,No,Month-to-Month,Yes,Credit Card,20.0499992370605,20.0499992370605,0.0,0,3.23000001907348,23.2800006866455,Joined,Others,Others,1
93520-GUJ,Female,67,No,Gujarat,13,19,Deal 5,Yes,Yes,Yes,Fiber Optic,No,No,No,No,No,No,No,Yes,One Year,Yes,Bank Withdrawal,72.0999984741211,72.0999984741211,0.0,0,7.76999998092651,79.870002746582,Joined,Others,Others,1
93521-MAH,Female,55,No,Maharashtra,6,35,,Yes,No,Yes,DSL,No,No,No,Yes,No,No,No,No,Month-to-Month,Yes,Bank Withdrawal,-1.0,49.2999992370605,0.0,10,14.9700002670288,74.2699966430664,Joined,Others,Others,1
93700-MAH,Female,57,No,Maharashtra,8,20,Deal 5,Yes,No,Yes,Cable,Yes,No,No,No,No,No,No,Yes,Month-to-Month,Yes,Credit Card,50.7000007629394,50.7000007629394,0.0,0,38.0499992370605,88.75,Joined,Others,Others,1
94070-JAM,Female,21,Yes,Jammu & Kashmir,8,3,,Yes,No,Yes,Fiber Optic,No,No,No,No,Yes,Yes,Yes,Yes,Month-to-Month,Yes,Bank Withdrawal,90.0999984741211,90.0999984741211,0.0,0,24.329999923706,114.430000305175,Joined,Others,Others,1
94124-MAH,Female,21,No,Maharashtra,9,8,,Yes,No,Yes,Fiber Optic,No,No,No,No,Yes,No,No,Yes,Month-to-Month,Yes,Bank Withdrawal,79.9499969482421,174.449996948242,0.0,0,75.4000015258789,249.850006103515,Joined,Others,Others,1
94243-TAM,Female,34,No,Tamil Nadu,5,15,,Yes,No,No,,No,No,No,No,No,No,No,No,Month-to-Month,Yes,Credit Card,19.8999996185302,19.8999996185302,0.0,0,7.76000022888183,27.6599998474121,Joined,Others,Others,1
94305-KAR,Male,49,Yes,Karnataka,5,18,Deal 5,Yes,No,No,,No,No,No,No,No,No,No,No,Month-to-Month,No,Bank Withdrawal,19.75,19.75,0.0,0,5.32000017166137,25.0699996948242,Joined,Others,Others,1
94609-HAR,Female,45,No,Haryana,1,11,,Yes,No,No,,No,No,No,No,No,No,No,No,Month-to-Month,No,Credit Card,19.6499996185302,60.6500015258789,0.0,0,91.0199966430664,151.669998168945,Joined,Others,Others,1
95594-TAM,Female,64,No,Tamil Nadu,4,1,,Yes,No,Yes,DSL,No,No,No,No,No,No,No,Yes,Month-to-Month,No,Bank Withdrawal,44.0,44.0,0.0,0,15.6599998474121,59.6599998474121,Joined,Others,Others,1
95735-PUN,Female,53,No,Punjab,10,21,,Yes,No,No,,No,No,No,No,No,No,No,No,Month-to-Month,No,Credit Card,19.25,48.349998474121,0.0,0,42.3600006103515,90.7099990844726,Joined,Others,Others,1
95748-UTT,Male,22,Yes,Uttar Pradesh,5,4,Deal 5,Yes,Yes,No,,No,No,No,No,No,No,No,No,Month-to-Month,No,Mailed Check,25.3999996185302,25.3999996185302,0.0,0,32.7299995422363,58.1300010681152,Joined,Others,Others,1
95822-AND,Male,34,Yes,Andhra Pradesh,3,26,,Yes,No,No,,No,No,No,No,No,No,No,No,Month-to-Month,Yes,Credit Card,19.2000007629394,19.2000007629394,0.0,0,17.8899993896484,37.0900001525878,Joined,Others,Others,1
95991-MAD,Female,37,Yes,Madhya Pradesh,0,32,,Yes,No,Yes,Cable,No,No,No,Yes,No,No,No,Yes,Month-to-Month,Yes,Credit Card,50.25,152.300003051757,0.0,0,84.5699996948242,236.869995117187,Joined,Others,Others,1
96430-PUN,Male,37,No,Punjab,0,23,,Yes,No,Yes,DSL,Yes,No,No,No,No,No,No,Yes,Month-to-Month,Yes,Credit Card,48.75,48.75,0.0,0,26.2600002288818,75.0100021362304,Joined,Others,Others,1
96967-CHH,Female,33,No,Chhattisgarh,5,8,,Yes,No,Yes,Fiber Optic,No,No,No,No,Yes,Yes,Yes,Yes,Month-to-Month,Yes,Bank Withdrawal,89.3499984741211,89.3499984741211,0.0,0,5.3600001335144,94.7099990844726,Joined,Others,Others,1
97427-JAM,Female,27,Yes,Jammu & Kashmir,9,2,Deal 5,Yes,No,No,,No,No,No,No,No,No,No,No,Month-to-Month,Yes,Credit Card,20.3500003814697,20.3500003814697,0.0,0,29.8600006103515,50.2099990844726,Joined,Others,Others,1
97497-RAJ,Male,24,Yes,Rajasthan,9,8,Deal 5,Yes,No,Yes,DSL,No,Yes,No,No,No,No,No,Yes,Month-to-Month,Yes,Bank Withdrawal,49.9000015258789,49.9000015258789,0.0,0,6.34999990463256,56.25,Joined,Others,Others,1
97615-MAH,Female,23,Yes,Maharashtra,11,10,Deal 5,Yes,No,No,,No,No,No,No,No,No,No,No,Month-to-Month,No,Credit Card,20.2000007629394,20.2000007629394,0.0,0,41.099998474121,61.2999992370605,Joined,Others,Others,1
97828-MAH,Female,57,No,Maharashtra,0,12,Deal 5,Yes,No,Yes,Fiber Optic,No,No,No,No,Yes,Yes,Yes,Yes,Month-to-Month,Yes,Bank Withdrawal,92.0,266.799987792968,0.0,0,46.7999992370605,313.600006103515,Joined,Others,Others,1
98301-WES,Male,28,Yes,West Bengal,4,27,,Yes,No,Yes,Cable,Yes,No,Yes,No,No,No,No,Yes,Month-to-Month,No,Bank Withdrawal,53.4500007629394,119.5,0.0,0,25.1800003051757,144.679992675781,Joined,Others,Others,1
98334-MAD,Male,67,Yes,Madhya Pradesh,15,20,,Yes,No,No,,No,No,No,No,No,No,No,No,Month-to-Month,No,Bank Withdrawal,20.2000007629394,65.9499969482421,0.0,0,95.4300003051757,161.380004882812,Joined,Others,Others,1
98767-WES,Female,26,No,West Bengal,14,7,,Yes,No,No,,No,No,No,No,No,No,No,No,Month-to-Month,No,Credit Card,20.0499992370605,20.0499992370605,0.0,0,11.1000003814697,31.1499996185302,Joined,Others,Others,1
98788-TAM,Male,58,Yes,Tamil Nadu,4,16,Deal 5,Yes,No,No,,No,No,No,No,No,No,No,No,Month-to-Month,Yes,Mailed Check,20.0499992370605,39.25,0.0,0,13.6999998092651,52.9500007629394,Joined,Others,Others,1
99475-KAR,Male,22,Yes,Karnataka,11,11,,Yes,No,Yes,DSL,No,Yes,No,No,No,No,No,Yes,Month-to-Month,No,Credit Card,51.5499992370605,106.199996948242,0.0,0,37.2200012207031,143.419998168945,Joined,Others,Others,1
99488-KAR,Male,50,Yes,Karnataka,10,31,,No,No,Yes,DSL,No,No,No,No,No,No,No,Yes,Month-to-Month,No,Credit Card,24.3999996185302,24.3999996185302,0.0,0,0.0,24.3999996185302,Joined,Others,Others,1
99855-MAH,Female,50,Yes,Maharashtra,5,29,,Yes,No,Yes,Fiber Optic,No,No,No,No,No,No,No,Yes,Month-to-Month,Yes,Bank Withdrawal,69.6999969482421,135.199996948242,0.0,0,31.3400001525878,166.539993286132,Joined,Others,Others,1
99862-BIH,Female,30,No,Bihar,12,9,Deal 5,Yes,No,Yes,Fiber Optic,No,No,No,Yes,No,No,No,Yes,Month-to-Month,No,Bank Withdrawal,74.0,74.0,0.0,0,23.7000007629394,97.6999969482421,Joined,Others,Others,1
99996-HAR,Male,22,Yes,Haryana,2,8,Deal 5,Yes,No,Yes,DSL,Yes,Yes,No,No,No,No,Yes,Yes,Month-to-Month,Yes,Credit Card,53.5499992370605,53.5499992370605,0.0,0,16.0599994659423,69.6100006103515,Joined,Others,Others,1
